Name,Logo,Site,Funding Rounds,Location(s),Notes
.406 Ventures,vmm6ugjlhyps9yhu3ufi.png (https://v5.airtableusercontent.com/v3/u/36/36/1734811200000/YLuFxtM62535RaSL5X1BUg/51U6wzdS9oXk2yOpISyqL4-fBYsqWbU4kEhFu9Xc9zAyu1eFypoa8nqu_FulV83w3ARiNgb7FKsSQFZ7pVhPZ-Q8HPV-WZyaak8UadGqOYOa20dDnyEPTevsGF2p4rNb/gFW56wuTP0nhlQgzUWnxF4CZLBjg9nkzfPZlrljg_uw),http://www.406ventures.com/,.406 Ventures II,Boston/Cambridge,
83North,booplpldsebesnxqyt3o.png (https://v5.airtableusercontent.com/v3/u/36/36/1734811200000/Y4ctGN1A2UXKTuUSvUFM3g/PcFIYf6BsVMyjvd52kkF63VrBo2nVGHxJwS5SFffBaYh9UGww0f5C4psE9Nqp92c6yJMXIrshSeKa-7BgIqv7fHxvFN2YzZcgpEwGlVUsp85PF2AerYLjats0WZlQU4S/TXriCC04dJ6k6B-T446PA249u_mHXpzpOypx5F3ZRrc),http://www.83north.com/,83North I,"Tel Aviv Metro Area,London",Formerly Greylock IL
137 Ventures,4cd3e0820f08a1ea8325be1b9990e569.png (https://v5.airtableusercontent.com/v3/u/36/36/1734811200000/ovsSGpqxaX8VDhskFQCLHg/ULA5GT87I7gaWA9gxpZroc0dwl2Eypi6kuYYY5zfIVVT7qXtI-M8iN01HbZCi1cSOCzFJdJpZZL_tGY8hYaUzC9UeZDqhUxQmRNh2X-XRoSHJQnMvjvSHi_q2iNrFEXH/ornujPhWmMzC0b32wbWLUlztG4PzexAzi5HNMcE-Xfg),http://137ventures.com/,137 Ventures II,SF Bay Area/Silicon Valley,
212 Limited,oqjnbl1ieirdf57k6e4s.jpg (https://v5.airtableusercontent.com/v3/u/36/36/1734811200000/C2RHo7d3-pMOGi4tpGncYg/QANttRa9xXKFpL9K2nI5O3h2LujVc7XcBiCPgNI-Jgub5xib7McQYw_Z6WVjCISwkNdwKSg0oL9FpJUnziM7uyukTnGBTlUjZLk01sMy2r7iXd-fnJ5112-Bl6CJDUlc/2Y0BQpiCb6dnm2wjB2TQ9Qt0hjP21QFzBjl-GAgL-_g),http://212ltd.com/,212 Limited I,Istanbul,
500 Startups,ehscebzgx2cvshmw9vxb.jpg (https://v5.airtableusercontent.com/v3/u/36/36/1734811200000/ayYqbUNlIYuXizOFgYnzwA/XXMDWhNrIaxZPIt2O1a-e8icWz7bmpFrl21aFLR_p7Xm3YeU9Nn2752ZyKN6GpEsh_C4dA-9MvpAPA3Alav2tmphI7OQjMUgb4fVFM6m2qXHBLKjbFZOXZq1SYcG1NLb/eVyskPCh76klaM6pXpP2Yd0_nY_1pDmU_YJsBmazQmo),http://500.co/,"500 Startups III,500 Startups II,500 Startups I","SF Bay Area/Silicon Valley,""New York, NY"",Mexico City",
1955 Capital,im04cp1aagy36n35cdhz.png (https://v5.airtableusercontent.com/v3/u/36/36/1734811200000/WkZqwjHROMc3ZBmTUppSUA/dkGBPeprumERkox2E37qZNfr9tKhYxS7_MUAQZY8C-IrHZDYWxVbwhrqVeFkRsSl6j92umkqUEKANGWo9HTN0za_EibD33v1Q4d7ffZ3Xw_IsQ0PMBVQHqYuCCZqOh5N/hJjEQNV-TC9O3F4OewvcbS0R9qAe0G19kgkTFp9QcsY),http://www.1955.capital/,1955 Capital I,SF Bay Area/Silicon Valley,
Acton Capital Partners,acton_capital_partners.jpg (https://v5.airtableusercontent.com/v3/u/36/36/1734811200000/V3vweGpJ1ah1Vzn4iGLAyQ/HcgMr-z5sx3b5AgGVOJHr4s0fKcODxBDv_w5Uzjv7msUN61uXGUzavba9_p6zGsypDPUZ3bNrDKI73nuhRdklHc9jSz4s1DyNQ22dbQM5WZmt7zOrxZx2d4qQmpvVKRU/DJltT0w1Dl0MES0VpUXBAmRrfoz0_o3U0hs86E3Cg_o),http://www.actoncapital.com/,Acton Capital Partners II,Munich,
Aglaia Biomedical Ventures,aglaia_biomedical_ventures.jpg (https://v5.airtableusercontent.com/v3/u/36/36/1734811200000/c6-AChyy4oslxWzDeuCsqA/0V6A-TtGJj-7s0H_4E2m5fR4BxUaIa0c6NlwoyoIMLGH7pT2VjmKIOjl-Xg8BZBWPnr3u-jXdEGghYQ6tbBcOWKtP5Rb_z9AEdasdE4aZK9prcZ6YW9VNcqGeYbNrgvk/8rJQWcMhAxFkyabJhYqgJj7s-Dp9Da0k3Oy-7HbHkkk),http://www.aglaia-biomedical.com/,Aglaia Biomedical Ventures II,"""Bilthoven, The Netherlands""",
AH Bio Fund,andreesen_horowitz.jpg (https://v5.airtableusercontent.com/v3/u/36/36/1734811200000/yhhCo0HansrOImy938Fxxg/oJx9Tv71Qq7JStCFOZbXcIstha2e7h_UoAJhHNSWwfQUpY_hI4tVR6p5imLUx-9aDd_U8-ZDJAW3TQuQYOKC-gvI7rggXXWm-efjmBf7Pxc/BpMBrT-ESyqRpKYZeZLE9PMrl5zwyORhA_HN7PeEKYU),http://www.a16z.com/,AH Bio Fund I,SF Bay Area/Silicon Valley,
Akkadian Ventures,akkadian_ventures.jpg (https://v5.airtableusercontent.com/v3/u/36/36/1734811200000/huzVhWzXiyKc3u5g_mEN7g/_r7it0NuSDU56pR2fMYffViq1_9m0v-fPMYbf2CvoaUM8YUfYKZkxmisXwpgSnillKMAlWz__vo4Y4HL3sj7NussWJtmJxhLHezwvyXwsYs/Bf4MuJZ1Qgqh50-RK-RZ0KemVCYohpHTkr0UDxrHbvs),http://www.akkadianventures.com/,Akkadian Ventures III,SF Bay Area/Silicon Valley,
Aleph,26aede45ba3f3e304ec6f80014f919c6.png (https://v5.airtableusercontent.com/v3/u/36/36/1734811200000/Dxf_lf5QHhPfLpgtCyd7EA/o4o_5erlqRGayz97lGgfv1tXjyXsZOVI6ziWWglszJ72MSSMnVN90NhvPnCKxCWTQEmkV3A1ef-8k36FsyfSof4H_ysX-4VPcqMWsxKnfNYCF-PB_3s-NZf0U5AOjEf9/NuAjbYRS3yK5O516iqAh_sTO-39Mmj8pUQyCFEjvxgA),http://aleph.vc/,Aleph I,Tel Aviv Metro Area,
Aligned Partners,f01ae3f6f8dafa6d25c65fabef5496e2.jpg (https://v5.airtableusercontent.com/v3/u/36/36/1734811200000/pQGx-IHgxnQ_rbLiCl8Rjg/YKYkl2WFiZk_di4Vm8KoJOKdGcLAaIyN-CuD0V5QraIcFEeUFALuXrnbRcqq4INtA90jHneefoWDvYLiqRyD3vatbkedjU31MDSUnKtVmikQSPeuofj1tW2WrrWsLZu2/EROJRkzsZw5m2N9UvWw1EqfyEIQSsmZiujXAGGI0LMU),http://alignedvc.com/,Aligned Partners II,SF Bay Area/Silicon Valley,
Alpha Venture Partners,alpha_ventures_partners.jpg (https://v5.airtableusercontent.com/v3/u/36/36/1734811200000/qGT4eh5Lw6AIvnd6OaANBA/y-GauFYg6qJm3mt7ktLhxPlb9WuINa9AvF_bpieZ7Ch_uAMpg_BYS-PFZOQKQ4tfXrZw4wvO3FJjyT2smhzOiBjPGfoscdhTOBu9iNG4WvRpYzRngt90xxnVuE_4FJLk/J2ywIZVZuQegkNHoXsMgEJi1ABv6kIPjN9ygGliaRPA),http://www.alphavp.com/,Alpha Venture Partners I,"""New York, NY""",
Alsop Louie,alsop_louie.jpg (https://v5.airtableusercontent.com/v3/u/36/36/1734811200000/rDz_8pPvvXEvCUFujc6baA/f_XrsLqZ6kgfQdrXEfExOq1okplU3utiSv67rwWYYp3udlA9ie_47Br357Y0XfgoqsRzjeeybG80xcr7BTYsjWNnSG1UWlTuGMHq7IFc5pg/F7F5XxyoPRWkzrxpr70euE_d9a1Scfm_NpUX_Eb8tHU),http://www.alsop-louie.com/,Alsop Louie III,SF Bay Area/Silicon Valley,
Altos Ventures,altos_ventures.jpg (https://v5.airtableusercontent.com/v3/u/36/36/1734811200000/uzZiVNlzZ42DOG0NDoDOyw/ju-H_-xcdEXH6oIfuSOHj0ozEFxJxdCRjrhDbqvegRCBZeMWDG8DcydYcWexD2QTXCpJDroP4uMNx7WQTQpu-7cT1zsNY-ntayeAB9oZA_Q/D3L6W47hxya5NvVLu3M_v9qOwwd706KCWZDUn0RiZgk),http://www.altos.vc/,"Altos Ventures I,Altos Ventures II","SF Bay Area/Silicon Valley,Seoul",
Ameba Capital,,,Ameba Capital II,Hong Kong,
Amplify Partners,090c8f938467b740370ce482c709c058.png (https://v5.airtableusercontent.com/v3/u/36/36/1734811200000/qnVmdDtqyp9EZqNJRjNR_w/MIzSh5wz0Xi8AM0mM_eaMSnpUqw6eg5HuDvTjpXyAKTd2UP59_Q6Y8YS8xgEf3ceZhYre70qN5KPBxfmN8dAPAlCC6P-96-6J3RTrWxn8vJS44C34CwzpMR12XYcU0nl/bTil50ZIhsyIcMa3B-nVQhos7AjhnDvCHVLJ7W1fZeY),http://www.amplifypartners.com/,"Amplify Partners II,Amplify Partners I","SF Bay Area/Silicon Valley,Boston/Cambridge",
Amplify.LA,a6n2dcrl0yyejsen1ber.png (https://v5.airtableusercontent.com/v3/u/36/36/1734811200000/gZ789-XhkoGiOaPuaUmZ4Q/F8enVePVsRY5TULJw9k6fwMjzTkNTNf-yNi6T91MuQhDmqPP0Byq9BdzCQcECT31egLvBs8WIy7rlDTnWgmueHQlgYWnNf5R7ZVPPwlEYhEB7xmgpsGmSV7egcZZAYHn/tVNbMSnf7n0SrCeCFUOsk_66WP4mUIczp1sj8O8tMSA),http://amplify.la/,Amplify.LA II,Los Angeles,
Aperture Venture Partners,8aa6f1c2ea872b0d06534eee5d34d73a.jpg (https://v5.airtableusercontent.com/v3/u/36/36/1734811200000/VBAfB6mxuYQeR4c1AqTaGg/T9b4vn0A9s5i0N-JS71_REeJM8xWboEPS2ljr4tGhcImrjRSHZYl34yymeSe5YJhzw1qGIyxKd7Fx8EctboxKCznImB9ri-ZJ6k2_ntzVImzlywCc-UTJvhio_657vln/li4vk0l8z3B50IR66_ZEEqKyfeBWP7CX4ZjXwJB9AWs),http://www.aperturevp.com/,Aperture Venture Partners III,"""New York, NY""",
Arthur Ventures,arthur_ventures.jpg (https://v5.airtableusercontent.com/v3/u/36/36/1734811200000/gT51diAKXILNqWmo47z5kQ/5io1oYtqJ57-xecM-7VuamLa8Nk4O6-fwrvWHxeSuNRH17xOkpJfrCIpvDh10zqMFy7zu-kRJFA3t1gdv6toQSe_HuAa1e_qyn1NHYuZ4NA/VURluIajlkodlj1RuojtJvWkrZsKgGkzmecSJJubTns),http://arthurventures.com/,Arthur Ventures II,"""Minneapolis, MN"",""Fargo, ND""",
Aspect Ventures,aspect_ventures.jpg (https://v5.airtableusercontent.com/v3/u/36/36/1734811200000/InjZO-XgGzQjuFneWXvdXw/UonUOONNRMqahp_bSIp8HsQuYlTpXtlhWhbOM8K8rTRTweUdkK9HmRpV9gDVXDHIEbO04FIC5OM0v03qqWtLK37iTBUJoTv0IP-6CyLxRxY/AJjvDeFso5V_IipnEwJFPMhb2Z8HmGE-o--Un4v2GaE),http://www.aspectventures.com/,Aspect Ventures I,SF Bay Area/Silicon Valley,
B-to-v Partners,tsxkignvzns4z3yw3pau.png (https://v5.airtableusercontent.com/v3/u/36/36/1734811200000/NR0iHAgBFy8bOwWKQ-2fJA/QN-n-26GHt3EWtURaskDqm3gpL8L_t9__aE1WSu9vf0e7ZEJ9CZ7rSosLkNd9DTTBCG6KOhgacGUhdru--Kxbq2krJM5-5boEJkm0HzZTr8rGEz8kNVyMNEfjIN2YQZ-/bh9C5CziX6CPKF9z0nlIugD4TRwqdhcrfpPMj_Nk9n8),http://www.b-to-v.com/,B-to-v Partners III,"Berlin,""St. Gallen, Switzerland"",Luxembourg",
BBVA Ventures,38a2ee594f3141af6182f435e804728a.png (https://v5.airtableusercontent.com/v3/u/36/36/1734811200000/GHDDCtq2bOnAyE1dEMlEDA/HOgxpArO82hvWZ3g8rjx0caSnJWoQONR-jZ5mvxTgmGgwcuVugtXtNtOGYPpQaSGIOmNjFWNypYzrzPFBCjzrCnvv4Kg7mEfOSrwUPKAK9KRXJwLSqim3PTIZfjCJdB7/yhedaEBKcDxniPDHXyfvbFdWuC1VbYPVeWNEtMM9gmI),http://bbvaventures.com/,BBVA Ventures I,"Madrid,SF Bay Area/Silicon Valley",Closed 2/11/16
Bee Partners,hiezkgml1tus5dkxjeud.jpg (https://v5.airtableusercontent.com/v3/u/36/36/1734811200000/KkkjukZsRirFx0wO9RzQ5Q/RG6u3chJxEEnOqUx9kg75S4xzV2XSwCukRle1fMMd_DQA8gYVXCjv9ZiorJAjkYE00rurQMLAvWId1v2nj54bWsPjraKR7E9fZ-A1fYoLhYOr_v8dd0JzHRwsj-OuG3z/QiTbw03RhioBLZubO26vN8or5aAQThpGTulvjP6XjOU),http://beepartners.vc/,"Bee Partners II,Bee Partners I",SF Bay Area/Silicon Valley,
Benhamou Global Ventures,fc39e8e9eed001df773b3c4fbf56ef51.jpg (https://v5.airtableusercontent.com/v3/u/36/36/1734811200000/5-2kBg0ARinBC61ZxWL9Gg/QU2f7Ul_b9RHS3TnVCfbyuL3Z8eWsnLZFLhRlU9IYTRTGLKUYHR-JAk601jAVpq2Px_HeVUo4l85aoanmiN0a9_vgcmOw-Gx_lZdJZxS5_6348mkw_ru2-PW1FkrT-kd/eptZxrWUvmYpykNs3LfwMgn7juFnIZ-1YLgoAi2Japw),http://benhamouglobalventures.com/,Benhamou Global Ventures III,SF Bay Area/Silicon Valley,
Binary Capital,ni2nou06uafinorvxnbs.png (https://v5.airtableusercontent.com/v3/u/36/36/1734811200000/uqDDmIVv2VGpDY-7GnVJ8Q/YKXzSvCB-8slv_7pgJB91bKb8g0F-U603-Xda6DmoSZlRakTt5U65OwZdxyxFs1GKnlDOvfr71kh42kNZmdFhCLmxZLDY1TjCIbQ6gmaSn_CactWOyohrEzHtx7nz5za/PPv_Xl26Zn_owsSkO2rDZ3LzTw3IPFv-Oxt5i29w7YQ),http://www.binarycap.com/,"Binary Capital II,Binary Capital I",SF Bay Area/Silicon Valley,
Blackbird Ventures,ce8300e3ade180ec05e8839e86d11917.png (https://v5.airtableusercontent.com/v3/u/36/36/1734811200000/T1H3m1UAzeiAlygPJnq1JA/eP_W55ruq0FCL9euFJfc-D8rRF1b-eSkltTNUoIrluBU_b9-Zogl5vH7EDwc-e1LRa5JlfPgT8cWx8ZH-zJN_E4vBesXSavpkbs6TNSPAZr96xPGj4HiCuzBNCCEhWkb/XZKHBbQKlcFN2d850Ah26Q5UCdzvn1xO50qBlIObEWk),http://www.blackbird.vc/,Blackbird Ventures I,Sydney,
Bloomberg Beta,7efb1b0061d0a6d64bc0710262fa52b0.png (https://v5.airtableusercontent.com/v3/u/36/36/1734811200000/cG-NbjU3JJG6gLvtPn7rrw/YvhwL6z3agmmSmBY81U5ycXZ0KnydTZu-mvc1bGnh92t4FX8i15D32f8rwPtayVgfwhuZNWmhRGcBpYKojKI14QESDQUYMleUvinTVy7_a6Q5hoMZzJAJUuXtknSthHr/jIsIPYSuyBUGew4KrRzwY7WOPpA32tCGyRIYE2haWpE),http://www.bloombergbeta.com/,Bloomberg Beta I,"SF Bay Area/Silicon Valley,""New York, NY""",
BlueYard Capital,haafv4fuknpeu9ajnrkh.png (https://v5.airtableusercontent.com/v3/u/36/36/1734811200000/QAFiPP3IVrwKsq8b-Y2gWg/BY6na311E2SvgSQysoHnNu6LCra6Hd_Uy7Wgg0RtY6ztiVp85fYA5QoksdoFicQ6YktL4KWN7iCyHha5jEpvnYg3qYTN0sHY1knJp4oHpfny7Q25mV53aIHbDpZnIEXZ/_-AbJU6_Ai-MX4R3FBiOS9mxbqPDkk0XGRpleDT4Xxg),http://blueyard.com/,BlueYard Capital I,Berlin,
BoldStart Ventures,kdufratlexxjucykluau.png (https://v5.airtableusercontent.com/v3/u/36/36/1734811200000/GW6GL3q6paNZKB_gynu5IQ/Xs-4XBgekrPho_ZQ498IK4OMXP51f10C24tgzCe-7DNZTqPLLLVubAuRtSgGdIjJuSGfipNlI3kJ8u8OcHtGGUIL9izLiL05irD2rzvt1664_YgFsKgAWyXh7jN2txr1/_hn-8tWo6-KSjje8GHIOJzov8fHlh51KtAcy9KPj4Zg),http://www.boldstart.vc/,"BoldStart Ventures III,BoldStart Ventures II,BoldStart Ventures I","""New York, NY""",
Bowery Capital,7c99758bb96b7c2b8d84563d511a81cc.png (https://v5.airtableusercontent.com/v3/u/36/36/1734811200000/XPLNUSQyOx9cGeXp_kPuoQ/dI40S1aOrymKNIcIPRSiDRPLGk0Zvoco_Qa6w2JLGtLvLuuWEl4mCl3kF2-CRbED2Tu1oR3OLtK6UoNxAO0mtlKCjzW_4DtP634PlbB7pC0SAdBTqtVkSlbnzHpq6YJI/0sVPyfyDOVtsPqHP3quyotBle5ZK0rr4GodwW-_D9oQ),http://www.bowerycap.com/,Bowery Capital I,"""New York, NY""",
Brooklyn Bridge Ventures,ce27b59a3ca06ccb60d9353ffb60be3e.jpg (https://v5.airtableusercontent.com/v3/u/36/36/1734811200000/juduc7NZ-8NlhEBN5p6Nhw/17bOt9zd924RiJEfJKQbauT9t_fiPQcayo-k98pLZ3cb3KbdWxYMaYtk-FZSgrCJtIOUj4hpglSARYbBBQxqd7Q2N_pM4RZh7hNae3V6HXTzzHrXtyp2Gvbe1ptcepky/_et-katptkUmG-yU5MhbMAfXurvrTn0vMOSKytlwrhI),http://brooklynbridge.vc/,"Brooklyn Bridge Ventures II,Brooklyn Bridge Ventures II,Brooklyn Bridge Ventures I","""New York, NY""",
Bryant Stibel,o1bcuj40a8m5glrwmhu9.png (https://v5.airtableusercontent.com/v3/u/36/36/1734811200000/kti63RA_PV3IIBP6RYEkUA/ZArwGJL_bkD2jlRWpc7VIfZNka306hyvcljf7l8s_3HPPDFNtJMFW8XVsKU7ixGqwSGwbyqAVTxfRUFWbpfv7_PAcM5QXX8nb8LYD7qR7k7rhUmo9_62EBGu6s5oVJxM/xNC_ZUSHYTiszLAL7XFVmq7_pQ0HUPNcNis57mmMcYc),http://www.bryantstibel.com/,Bryant Stibel I,Los Angeles,
Bull City Venture Partners,4538497c4fb5f773e3ebaedbd2494820.jpg (https://v5.airtableusercontent.com/v3/u/36/36/1734811200000/oMIQsAMgyh-Oi5YPGySaVQ/0pTI6GqZTDikebv6dRPVxeLskv3GSC3z36TK42mrh1OEdjhXut1CkYJiuA8Lbek3JEfqP9PhNElPYDSr6tcckCrqGAnnnQD3KZXm3HwqMqTyBNlMV1-M0-iuAMJuaL0B/-bkDerKTKPW_ixTi4tMK3tqOxDzkVp4OUMOM4ANjnqE),http://www.bcvp.com/,Bull City Venture Partners I,"""Durham, NC""",
Bullpen,425e57daf38f41914df1c1c1e14a9caa.jpg (https://v5.airtableusercontent.com/v3/u/36/36/1734811200000/pO-2-1Mm-vDuf-P6wqXUXw/3oVz8Lgzld4xpUaxBi0V-OQ6jI2X2PmUs8zVs5RNYkYI6RaC9CXr7zw1fx0fKEyZdDbr1p3FkGHWGDEFTVNKpkDVtKUVOnfW-tCMpBu0gJoLhpduUWG2JgRPh8vk7OlZ/1mGL3rzQpgN-3ANQKuiKktjDS7NKDbn17anECBwcFhU),http://bullpencap.com/,Bullpen III,SF Bay Area/Silicon Valley,
Canvas Fund,xmudzqztbzsflgtw3lcr.jpg (https://v5.airtableusercontent.com/v3/u/36/36/1734811200000/7g7qjZSNJI9-TqPercoLVw/Ur9-FO5dz4jeTjlGotSdPb7JCuR7U6ut3h4eTIMn1aK8Vsf3Gen1BkH0dfg0zZHnJk40ueJD0eOV8agmGf8TT05iVkIBAKOFo1bHssrmdOhc8ztZ7ydVmvs-P_WqWcvx/xMeXTnL72gxSHORBSjipq49cPnN8xTRUmgs6giIQN4E),http://www.canvas.vc/,Canvas Fund I,SF Bay Area/Silicon Valley,
Capital Partners,ecdd9db5795446f582c0ba6d1c8e3c90.jpg (https://v5.airtableusercontent.com/v3/u/36/36/1734811200000/cSVGLqcUwt2kflm0kRudCw/IhdzfhsNncaktZmKeh6PThBpf-dpcw69SovRjRLVn955hcAUbFp9lVxZp739kahQ4Q3uqamITVYez16bceXm-5bIE6bZDiC5XyaesMygtY_Ht11PbKRwM5Bpspqevw0k/MPCTx_y-4VteXjuUqWwO-aaWGfqhKv7h3-u57J1Xswg),http://capitalpartners.com/,Capital Partners I,SF Bay Area/Silicon Valley,
Carmel Ventures,e281da65cd7ad55dbd5dd8d0b5cdc8a6.jpg (https://v5.airtableusercontent.com/v3/u/36/36/1734811200000/1ugLFfkzXpt8MwlQuus6dg/zubS4rS2_3ai1_0aUbRwlsFd6jWbJgWSzB8lgXHxkakY_CVx4cSG7RCLwKchWzujzLouVBIFq5TqWE1ke5C1X9nJ8kSQMOIFDsJo9-C3YHJzxhoml58GX_XvhR6RU_Y7/9xbQSpZd_v2njrRy18hzxi4wHrfTrS7E05KP5ygfavw),http://www.viola-group.com/Carmelventures,Carmel Ventures IV,Tel Aviv Metro Area,
Causeway Media Partners,yqnzdes5padzp1im6cdu.png (https://v5.airtableusercontent.com/v3/u/36/36/1734811200000/MrvvJRxk25YHZYKz8C1zeA/ip0qdW4BqJ_pR6iCxFX3JQ_o1jlR38-GvcQmDvbSnslacVzpZRcBqGzIRJD1cisWw4SJTg2TDLg-Z5tzJLSjzOzyO1_a61zJqC3wptL2Y3_VjfXsZ1VzUIw-TY5V97vd/c6tAYfFF5TXPZdVN3k4Y79CsqQM_Tgxbom0WEmsHThw),http://www.causewaymp.com/,"Causeway Media Partners I,Causeway Media Partners I",Boston/Cambridge,
Cendana Capital,vgvsz3rcngvtehk8ekvp.jpg (https://v5.airtableusercontent.com/v3/u/36/36/1734811200000/EvJrOIG9zagxHm8xiI2P-Q/r5-mWQIb9vVvD5TzDjSfVVqzsZUxhtHD_MHyxaAh_41pnbVNYJyrXF56tNJ4cTb9UZhaEXQuarHh1OPIXjw6ThSJpnny74Hcr4Iozc4-fqTZSgqCUNEuTwsUyoYTLoGF/_AmsCzQKe5Ia-85frZ2toHgSRMJAqMv6b9zIVNnOrx4),http://www.cendanacapital.com/,"Cendana Capital II,Cendana Capital I",SF Bay Area/Silicon Valley,
Chicago Ventures,b904056ca63e4caa71ed8593dd08dc64.png (https://v5.airtableusercontent.com/v3/u/36/36/1734811200000/FZ--trWmS7RwBo5844GVdg/hl08rxQ6uWMIJ8iP9uPcqev4ehvdljV6NLBg1--dqtKXfgOVAHy4TfNsyOhamaXQZbOAZbcikpLQwX-1LtmUFly8HX8u_WVMthmhhW1JtiCt_P_nAgrfx_mgki--BEf9/HAiu7Wx2c9istO3Oafvh7FqX_j-LkfLXwNLvhMLRMNg),http://chicagoventures.com/,Chicago Ventures II,Chicago,
Chrysalix Venture Capital,owdtnijli3copj4nd8u1.png (https://v5.airtableusercontent.com/v3/u/36/36/1734811200000/zG4WUlpL5a4IbjGJLYf31Q/8887h1nDtlmL0iXnJrOYwv2b0J1itDcXZouRjOEJg2i2UonwkPdxuXwx0a9v6b-x37n0KImO0rT-cSkp-hWhJpQzPvdbKmJXLZZkn06ualwmNECXDhq9BGAuVAC1XYH1/UW4Q8-q-QFacjtHY_izIYytbMiWNMLB4xJleuuCyjrw),http://www.chrysalix.com/,Chrysalix Venture Capital I,Vancouver,
Clear Ventures,tabiok2vhfvcdt2ibxyk.png (https://v5.airtableusercontent.com/v3/u/36/36/1734811200000/1GRV-d9zkWxbjMtLPvHoCg/3NDgmqBKQa-jN4aVMK7EQo_rCwQUUVXxfv3m0jeW-L5x2zFJzWQ2YOhdYCSMQi7Cl6z9QsYo8KfnN_zUKuxN5GGFsIrWfS7kHQc7VMJYX4KJi2WF7AS3ZL5bNae0unyj/7TpenMVMmxCGc_n358T_xbwO-hEOeNJHQAI7cA8rW2k),http://clear.ventures/,Clear Ventures I,SF Bay Area/Silicon Valley,
Collaborative Fund,93db4f1192e705e85828dfb305ab1b8d.jpg (https://v5.airtableusercontent.com/v3/u/36/36/1734811200000/5fxawpCIFjWW-9XGrSDGPg/9_bAtoXVCCpaBW-jAVw6Z6LCH-BhaEfuUG8N1paedBV8EYvTusuul_PjwuBLEkmylDevqKYWehIBBu64BmR0bMY3I8pNKl_8gkOb8W5uul_mxEWY6wrWVQkxnhodX9yf/CzZBcrTjq-pZG6PVYXxqzj-y_EokK5Dh0QB3mh0nwDM),http://www.collaborativefund.com/,"Collaborative Fund III,Collaborative Fund II","""New York, NY"",SF Bay Area/Silicon Valley",
Commerce Ventures,3a196104c9cc2bc12aa37f28f6fd502b.png (https://v5.airtableusercontent.com/v3/u/36/36/1734811200000/uNWmhkdVwA_5zYLykX6LSQ/DzBn0psZnQdX03OoZAK79AAU0C67Ns9vrwp6B4hMQd-u9Y5D-TT45DDKzzSQg5DqmxQBA1Snmf9AbsjE2snjgG81mfd9f3R7UexBxLr2My0YlWEDg_Pkhl_JRHwRpw8s/sge8w4WDBOZ4aKKER5pHeAehgjNZwq0pCVBOf-27SVU),http://www.commercevc.com/,Commerce Ventures II,SF Bay Area/Silicon Valley,
Common Angels,d2hs3ttmfqjg03mqflt0.png (https://v5.airtableusercontent.com/v3/u/36/36/1734811200000/QljESrBpsu1abX5-MlKfKw/R78QxmWJ3vElI-Y2TGR98aChFYOfwLnQcJKqjH6IAwpcTzY78_JQYLUVRcyhtHTM1B-sD-APRn1GGkpCFH3gtEiwJeqOu73Psz8y3GC-vN4xwZdcUhlrhCiH_N_g6o5J/-BOXaLT2ChAbUM4cLieVrX4Tg4YmORUrsOd2ZqAV7HI),http://convergevp.com/,Common Angels IV,Boston/Cambridge,
Compound,u9tde627pdfvfidqmme7.png (https://v5.airtableusercontent.com/v3/u/36/36/1734811200000/zKXtCopddBlwf6wxzY-L3Q/UDgMMlHeAIXs43TM2StdGzEzPuILPaYAkrtt_ri2XC7q5Xvj8SbQxDEOdyTzYCyfeLZUBDiRvASbNNb_xaEaDYudGEFWPJUXrxgZDvbTAO2TAgpYrSdZxfchgdGBzqPG/03Kc5TM_0bJ0WIbNp0W7B_HhyDldoZYuh38wS0ouIfM),https://compound.vc/,Compound I,"""New York, NY""",
Connect Ventures,cfajsy7bhywb0jbdfmcw.png (https://v5.airtableusercontent.com/v3/u/36/36/1734811200000/SIjfj9S_5jbuOj_NxYmuLg/mNhlnBXZ5BATQftK_rsrKsvo8-G7jfj6wNIopxLL3k2rpAg0WbUWQLp4n6RRsquiP2-1n_HGiIvDcBhkMiYQiZpC4oCeLfAL_6n1vyHgdyw_NqIOBx4ue_bCOHU1f-SO/TBQ0zVr1OoGVJJ-lx4r9X5jpuOBVt05Lb7nCACxaVMc),http://www.connectventures.co/,Connect Ventures I,London,
Contour Venture Partners,3c8a62ef1460fe0bf165c464512f3c3d.jpg (https://v5.airtableusercontent.com/v3/u/36/36/1734811200000/R39lxSxro_9Hmm1KXehLCw/maxG7-JcV38tji3jhdJ_IljnEM8d0w7oXVhmLkBRnVUmpfJC4Qe9VwtGSNfoPw5O55Q9zsO8YJabECn3TF_v_ffaSROe7BxIvUS-SX5ML5RSu1AeP6jBgZQ-8kZH_kpd/ynrO7AOgKHVvttZGlbo51uxTfa186aO957BfUNmIU2E),http://www.contourventures.com/,Contour Venture Partners III,"""New York, NY""",
Core Innovation Capital,nos4iyqwuz9sgpmmcegh.png (https://v5.airtableusercontent.com/v3/u/36/36/1734811200000/7vmGGbC8b0adOnS421mkuw/LYiUxbFALDbHhk6DwZHsn2ZjXM94olmrB4MLwBubCmMUkqP_uHpC1XXImllSjmAcIaWR3S2v9x7HHoKBFyevdyftIU_bdrOA5uJGQgbvOXcNtW4mrZkTxaQjzDm48pP8/M6SpSFv97TFvXE2TD5vWax1qGEr-XpihFUHhsP3fS5Y),http://www.corevc.com/,Core Innovation Capital I,"""New York, NY""",
Correlation Ventures,098b5d40b07e1324c4b92bfb8c8e052a.png (https://v5.airtableusercontent.com/v3/u/36/36/1734811200000/CkhGzYyfPsY6t_H7k4w0TA/urvo0DhPFx30tcJEYzu-obquXREVkv1cV081XBHN9RKqvYDHVYUrUBtWM2lUqqFgcsaCT5Np_PCFBk5j42tvx7a3QW5QGEXc2pElbbyvXVG-FbfJAepWlwSEO9YS4Oxq/Tl9Lhe6wRnxxCI4Pz_vmtGvdxhPRpnoxs9LVxL3j5lQ),http://correlationvc.com/,Correlation Ventures I,"""San Diego, CA""",
Costanoa Venture Capital,sjmqegstnfkohjv6oek9.png (https://v5.airtableusercontent.com/v3/u/36/36/1734811200000/lzGlcg45CnadiChRtMAWeA/cm78HapE1ORfisDnybcO3DUg58zEDrqRl9amVpw2m6vpubA42lUzBIx6r5Ix6t49uJphWRweR6fdMkn8Kyl2xZk7BPv-q7XJ3tfwjJyb8yanmg3ks0njdDWFFnzLISEC/6Bq15EoB1O0oGZl-H_S6cVlats6rjLWd9johhem1gNY),http://costanoavc.com/,"Costanoa Venture Capital I,Costanoa Venture Capital II",SF Bay Area/Silicon Valley,
Courtside Ventures,nnwhhshivlz7nczspfra.png (https://v5.airtableusercontent.com/v3/u/36/36/1734811200000/-M_VEWHJ2lYJ-aTqBTtL4Q/CFszzgzeGHhlzNRkCJ88YCAt4rnupnC-LsP5xqXWcDn6Tkpw3NFxNPXT1Fz3uWmywsRXMl21sGlZgYcSQu5md01GnWRuIxktlrOFPmyBWjZSQduAji5wmZoepTK8JCZP/5Y9ZGrgws_qgW7D68C-8qtaF7YV8y1v1LYGWTIHb90w),http://www.courtsidevc.com/,Courtside Ventures I,"""New York, NY"",Detroit",
Cowboy Ventures,fae13beab9fc463dcef42a43d9d4942f.jpg (https://v5.airtableusercontent.com/v3/u/36/36/1734811200000/JL80b9q52mOwG3JqFPWsJA/Prc3LQjGP7nNn0ZNssAGdpyP0NB0-oUkHvZ1pY9eRZjZPPdz8y3IFOGbIzVzd2h0oE6krFB0wK3I1HG5M1gmxWfRKBY_hv8gNWnSry97y0aiuX0Yv7B8LM8Mp40_vJeC/KG-HLRjUUinH_0kItfexmk8-G88m_e1_3KpNmEROPxE),http://www.cowboy.vc/,"Cowboy Ventures II,Cowboy Ventures I",SF Bay Area/Silicon Valley,
Craftsman Capital Partners,vcin2nm4wyj8hoatbdri.jpg (https://v5.airtableusercontent.com/v3/u/36/36/1734811200000/B-yrgUkE983qDL-_6WYSQw/zYkOIQD-TtI6Mnumvzj0NhaPGrCGsef-AnvjWDMgVm5DZMdG8oQ721MSwZv_fodDg4MoxhPkYE4hVrPOEmoA8ATDWS1MOnTxGxlq4nh9V2q7kI31VfR9NIg4a-RUJIZG/zeg5IT74oYR4K16EdfJwc0M3EE1-vg_xv9OMSuSDXaA),http://www.craftsmancapitalpartners.com/,Craftsman Capital Partners I,Dallas,
CrossCut Ventures,xm4intqnbaijzv5ennau.png (https://v5.airtableusercontent.com/v3/u/36/36/1734811200000/h9DajNk0a2N3pRiuMtYrvw/JlRs436VCatubyaKoO5gk_LvbzziFQI8uzfdOJu1oF9-7oR0u01MdQ0aG0OCO_g1h9zkjAYygqj-gwr_z5oZ2a1BRvKq2VnN3T3FOdmonB9bO-bHV2Q20qpq3Joj0ofK/yssVXxMN7Utm73kpFxONgD9P8FBOQmcj-DfzN96JmpY),http://crosscutventures.com/,CrossCut Ventures III,Los Angeles,
Crosslink Capital,zptspfemah9nkpljm0mz.png (https://v5.airtableusercontent.com/v3/u/36/36/1734811200000/YIV8G1M8gRUP-7KGlGaTAQ/TIoIgich_UKxtO7ujsGk6hjYwd0Yn2a9qupLDDS1UEewNJQ8BTg8YN1PvtM1gvd6S23rRJBlzZxXTS8cd1PsceOSUI5nefniYHYoJ-Ny3v747nBIW4GuwAX84mCUjF0-/LsygVU6irpGCcFT6KYbG_VadX3GJNHWM5LtfBH87PCU),http://www.crosslinkcapital.com/,Crosslink Capital VII,SF Bay Area/Silicon Valley,
Crunchfund,z6ksg9sgoutkitsbvwdm.png (https://v5.airtableusercontent.com/v3/u/36/36/1734811200000/hCWCDvyU-d_C81VcwQu1LA/HYBpqjXaTgzlI99yRNVuzWaQg2eBq09IuPijL1nyaxsj-BpCsOqAcGkU6ObBoc2st8SbkfjDK_VdIASRubsD9qWitt8ncpC3kRz7erVXqvP_4C4ey3fxIfSXKftIlz4B/_meHxus4KI6IMhxBXfTBdMneHX1nV5fJy0vYujb2FVI),http://crunchfund.com/,Crunchfund I,SF Bay Area/Silicon Valley,
Crystal Tech Fund,default_image_cb-e2471225359df18a02957cad1c97c684.png (https://v5.airtableusercontent.com/v3/u/36/36/1734811200000/tvq6-sM90Vd0qk0oR9t8xw/uTr19NzFTJY4TpQzgpUpaVL9jGeebrRy4lht-S-rVf-h_a2ipvE3nA29qR3Y_7dTBJ-JNlMLFONWGXoSWBvqsXOkoeJyFvOIqBEQTAu_iIhG5eWqc2erv-7vBAMNw5DiSfqqP5YqOBwIqJLUfCQNBQ/D_OybxXsl6yBdRurvxvST2ecitwUwSYzpHIkgYkRQcQ),http://www.crystalcity.org/,Crystal Tech Fund I,"""Washington, D.C.""",
Danhua Capital,ogij8v0mzf7l1e4gt8ti.jpg (https://v5.airtableusercontent.com/v3/u/36/36/1734811200000/qgnGTuQuxSeqvxtxiIQ5ow/KQ5gxv6xYVpvryOb23FF9b8IV64uYK8VszmnF654SyeihQwKus6hX3CuaKktrBvtKcIXBeAX7MlcJMIKA280dokzqmFDDSVzSyGGrHBgdBWXP1BwQnvDuxyjjkx5O0CB/7uJk8JTEwQR7-CMOTY7LNGWwZfq2ZqL_Dhs_L-BDR5s),http://www.danhuacap.com/,Danhua Capital I,SF Bay Area/Silicon Valley,
Data Collective,oerb3m0xdc6e2crgiy3x.jpg (https://v5.airtableusercontent.com/v3/u/36/36/1734811200000/II_E65_S285ceId48AM98g/uFWvvtLYBXFqR-Qwwbiz88TLbkZ0YjeXPCfShxArEGQpswPX4EyuaqGwHi63WmJt6ykX3EDHTNY-yuXnxmraXBTvWLu7MsGoY1ABcIuAiikEdx8B_gNF9BGMyge9NrNy/YmDsp9E9ktuttGYGkIYx4VQqVIlJp2dZuEJPoHM_tGg),http://www.dcvc.com/,"Data Collective IV,Data Collective I,Data Collective III,Data Collective I",SF Bay Area/Silicon Valley,
Deep Fork Capital,c57638d4953426c4b2d3e8c82af259f3.png (https://v5.airtableusercontent.com/v3/u/36/36/1734811200000/Zi5FWI_mIB3JYBZ4amijxQ/sK0bNSY_sCBmXIL7Xj5f2TYDt0S2Im415sOZsXazgdPsuI3btaozJ5y9xXk4b32UKF0Cf3BTZnQrkE2CNhe6VnYQZe1vkY8ybNl79l7pSaN4Aee-qaQU84SqNrgAfXGK/b6z_777aT_cgWGewhePZJpmnK31IgrZTJMLCBSSML4E),http://www.deepforkcapital.com/,Deep Fork Capital II,"SF Bay Area/Silicon Valley,""New York, NY""",
Designer Fund,mpjiithjnvud5zfhnnlg.png (https://v5.airtableusercontent.com/v3/u/36/36/1734811200000/dAu57o6iywLMyJkrtGaCMA/08_d7nNQkFNUasFQ6sAwXPHI7dJOWoy9d46WaeCKhHlWjuomp2OzpyNnOEcQfr3cLBOFabuZSz5n1sPSXFuWC1o16VtnAVBQogf-F0ds0YRwgHllV17LHqHvVhdOlFGe/5jZsDzx-SjRGZlaZEq0wawMx2_2kCbCkNHU2dpaPbX8),http://designerfund.com/,Designer Fund I,SF Bay Area/Silicon Valley,
DN Capital,9c968fac08dd53791219d3caccbc453b.png (https://v5.airtableusercontent.com/v3/u/36/36/1734811200000/0HhR0grU10iaq995mXGfxQ/2chWWj1uPF5lZ5ZTgqMaCcXV62mNTM-mNQ3pJV4O9FxTpwGq6SUpk-SFLitB8-wUYyhG96OgvRA1efAfI303S-8jAXWQf6PjZX_UshSbIHJb0qZPuv9LUPlrXmEEyLrk/TG41-6k1bARTapgMTrso1A1A-rBqcc4L6or5zSa-E6g),http://dncapital.com/,DN Capital III,"SF Bay Area/Silicon Valley,London",
Draper Associates,ltlapqz9ek6ogthkjegj.png (https://v5.airtableusercontent.com/v3/u/36/36/1734811200000/EPGbQ7kDyBMWf0iSP3kXAA/HoalOKVW6W1qZDySDrx06W3w10H5En8K0WJEh2AGfMDAro1us8WRjNatBFGVTLexm3wfyX1ayWmYs68xini7rkt5bouvpEp6a83POQTlgWdyOaPYLlGF4iOeTBmQSHZa/9WrxQqVjJFVsbx9VTAZVx9kLSGInuVfyEhRION5B4l0),http://www.draper.vc/,"Draper Associates I,Draper Associates V",SF Bay Area/Silicon Valley,
Draper Nexus Ventures,68a5213c3b6f4ea380995e54850469fd.png (https://v5.airtableusercontent.com/v3/u/36/36/1734811200000/HqNzroD2ZBE9jctOom6Vrg/VSqZjE-andWsyoKMW9Evh8-l2vogPrA_16frg4j4M4B7Ho686Q8Zw44YP7HpOe93V73uGcl8R4LY9SrcVAYBPDjs41NLt7LB6qpBZv7CTVQHV27mBh_MrGF-tf_30J9O/Seivvm_rERUbhH3h3cgiQ1vp3giUo-IZVtKhQycuWnM),http://drapernexus.com/,Draper Nexus Ventures II,"Tokyo,SF Bay Area/Silicon Valley",
Dundee Venture Capital,lurg0eeflomijwqy8yvy.jpg (https://v5.airtableusercontent.com/v3/u/36/36/1734811200000/BSa6rym7C9VTKkrteG_B4Q/zFtYKVBPV-sdm2ZUEns1Bzk6B5kpeO1fSvfbQP5p_PDJZFYMqLLcGCAcbbKx35S7wlVa5ESBTTVXVDcYHjonXlZCO8GY3esl8ty3NeVXMOog-o68YQ9E6Hp9rphkfCjC/GtagsjgREGUIhKHZsRnJiUCBp-7jwoBZx6U_DIhwaK0),http://www.dundeeventurecapital.com/,Dundee Venture Capital II,"""Omaha, NE""",
Earlybird Venture Capital,yy4jtqad5kplh0dccnko.jpg (https://v5.airtableusercontent.com/v3/u/36/36/1734811200000/LZFT72fxEmSGnrET9jelKw/Tasl5WR1RNLzEef2w6R_xmO-CCsz3ZCwPO06s9_Qerq5eiPIrOzrfMAsG3cxvzHeoTcwFTZr0eZuy-yBf78K8qPr3B_G5LB8tvJuzRhjqrqvm4osj8z3hfe23G_7i7VX/fofO9sSfx2relaotBFzfDQSUY-PqPezhtRl-K-uKYaM),http://earlybird.com/,Earlybird Venture Capital IV,Berlin,
EIS Angel Co-Investment,3f405dd27b6bea895c87c1fe1490c2b9.gif (https://v5.airtableusercontent.com/v3/u/36/36/1734811200000/lGo7skr0qFjNxrvra24hzA/E3XasVIJ2XaCynhvQs4pXRn28bJJEJlh2LdFVQei44-OXzQ5IE-5NkRF5eQhErtoQsBRcZMiKvqmqHqJ-TMaEHxf2GIVdg9o4vdjddydbtNbiWQHgoaLgdtjDSCmbXIX/Ccusd7vb6k5phiTqEv_q5HDtDPpunMEcHIUg-d9eL7k),http://www.lbangels.co.uk/,EIS Angel Co-Investment II,London,
Elephant Partners,,http://elephantvc.com/,Elephant Partners I,"""New York, NY"",Boston/Cambridge",
Emergent Medical Partners,23d8aca39fdf57c4fb2fd303ac9530ef.gif (https://v5.airtableusercontent.com/v3/u/36/36/1734811200000/nLCtSvBTIbqIMfh_99xHFg/ZuD51bpf7KTzMrnPnipJMoeP2DfbRtTNQXMPeB5Vb60DyhqLp1IPTXyqBrO9LwJpoIfP01KzgieHHpV-Wph-an2nvM13m44YqATZDUvlWNIfhH82Ip7z9kIcEIDgfB5s/DYVmLWlypFb_C54FPA1QomAKrJ2WhxipuXTqtPi1KI4),http://www.emvllp.com/,Emergent Medical Partners I,SF Bay Area/Silicon Valley,
Engineering Capital,tvoltujc8zm2zr8npi7l.jpg (https://v5.airtableusercontent.com/v3/u/36/36/1734811200000/83pxltfXypYQp_CzZJkfNQ/oflmCR8litYf5CUNs8oDm-vQo0dKgrAGQSsfe7dA2rc8eodl_1tn4_ALBeh7XxH-v_eLnuVMe3zsuV-m33bNeIGhwwRghwdhlS1a6sSGlrIvvyRv2t-wJYB3M_Xk9rpF/6_iiWR9GHNDNXX58PPZWcMRHCXKZ-2LoLBZnJC-yjOw),http://www.engineeringcapital.com/,Engineering Capital I,SF Bay Area/Silicon Valley,
ENIAC Ventures,mjraop06ordaju8gtrb4.png (https://v5.airtableusercontent.com/v3/u/36/36/1734811200000/xwsN-QcPfCYpQz7-MzTrsQ/H2cjIXzApA_f_7RZHdxUJDcpGtKzQgQ6GN5HtWfrAACaZ93dMXFGCHt0sHwDGv-wSDwZEPfrplU3xUZ4x2Svt40jHUk_Hn2G5RonFQgePp1IxdDb1i24KSeTAkwtqvj2/Jn1YTCVv1_6hYHEA7e7WFCsMpoLaG9YhHcWNFbVKUCs),http://eniac.vc/,"ENIAC Ventures III,ENIAC Ventures II","""New York, NY""",
Expa,0677cb27a8e2930cac92bdf511f78ec2.png (https://v5.airtableusercontent.com/v3/u/36/36/1734811200000/BDcuRvmSrVhQd3Ly9nK5_w/Kl0BTLlxs8OHxyT0Quu7G4oaRrfldDiMrFbMFIu6XYFEC2VWmySc_eMNfLDHU-D3_nfGD2rGiKqHdzhX4a2R_7D2t7ocgFFzM2mpxn0J7w07o4G_vHbXE2VByJAr-Z7u/N48-flzwWhFt-1g6vj61N8id2wdR71I77v0sygOqnj0),http://www.expa.com/,Expa I,SF Bay Area/Silicon Valley,
Felicis Ventures,d9aqjy65hhsdpcqvstte.png (https://v5.airtableusercontent.com/v3/u/36/36/1734811200000/SI8n1vYMFwAD1qvilc_rPA/GzLGYyaclZhp1WBuw3_I_NYxkV3amxr1-XSGCJnApAYmIsJoqZLNzH8hGBS7ijI_INsZt9pvPaPECKTIpu7nuT3fc_V60VNitU3VCTPMNOKHhgKs9aKNajmEjFYvDdbp/hKDqrZWTDkVJ-BHLFPhZy9D34duBxJAYV7uF6yqwuR0),http://www.felicis.com/,"Felicis Ventures V,Felicis Ventures IV,Felicis Ventures III",SF Bay Area/Silicon Valley,
Female Founders Fund (FCubed),pk2qkxqcryqvsrva8w6k.png (https://v5.airtableusercontent.com/v3/u/36/36/1734811200000/eF_o-qwGEizp2gfFFZM3PQ/X_dLN8oZVBCe0J-8WIYqh2oT0Max22IMe1bfalhauiizkdq9XKU3qTwR8ZDTJQ5y09NhUEKa-OcDhFYViOAMV9HyzeJWcqfll_vIFv9l0-oYOj8zVe69BPzF0rW7pnIj/HtMIjXIppAkKt7FawII3gYGFOL0dLLD-Euc4ilo23cw),http://femalefoundersfund.com/,Female Founders Fund (FCubed) I,"""New York, NY""",
ff VC,oblhjodv4mesinvjjg3k.png (https://v5.airtableusercontent.com/v3/u/36/36/1734811200000/gJgJDDSDEi9yfK_3I3UlnQ/YUcSh-fx0MIMt3VFg44s8pBmc22IojsYVcA5gG110l-A4lvlluSuSiRbcyuUF2RiqV3vpyQi0BOUhx4dDs5_NlPzAyUsZ-QIuWeIPLox2jEPIB1CKUmIOQ2sq7PBskBT/RWV_BZNHt0l-NLANiGi5_N2-XBOwGNoh6pyCVovX0Qc),http://www.ffvc.com/,"ff VC III,ff VC III","""New York, NY""",
First Round Capital,qulwlsgonnklkvnhevze.jpg (https://v5.airtableusercontent.com/v3/u/36/36/1734811200000/BbEEkjXnjDmuVG3iznjOwQ/U2GLvzvtQ9-1mcg3JdQH6fF3Zon-xbUYLeGNd7Agadp-wRObEEE2fJaipo2v6RUX__sVqzzyCQPoz4L2TMvZkQBZjg54XMkhL3WylKOIcdPj46lxwdxqzKRoFD6HJaOx/v09Zrj_yoluKYfQOoIELN_JyZ2_fb5O7q7lxt6cZBdE),http://www.firstround.com/,"First Round Capital VI,First Round Capital V,First Round Capital IV","""New York, NY"",SF Bay Area/Silicon Valley,Philadelphia",
Floodgate,715caf16e22061514b2b37d53d656aa1.jpg (https://v5.airtableusercontent.com/v3/u/36/36/1734811200000/SJin29W8xbOa6_2MR-wt_g/FsSBBXaGjlwkYXCfh1swMkgCATJ_G3urKfn7LowGllZo0yek6CPKl5wEHmpqeoNtlmXolfEUq488H2PNy1YG7fQNWicHwunHHNdHZ4bqII4fjka2Ivx-cYAi_pl42b-N/uGaFYtrsG432TZf64SMo7MSNoCjd7Cx60hGewrTtDzQ),http://www.floodgate.com/,Floodgate IV,SF Bay Area/Silicon Valley,
Forbion Capital Partners,914212cd24be1055fadd35d9cd816f13.gif (https://v5.airtableusercontent.com/v3/u/36/36/1734811200000/KGqF5eYlIL7Sx5hgaYTYcQ/gaWN96EeXER7L_J9yuOdkvmAAtNFJrjUUCdy352ZNQ7SI0IA2ZbXGuUiNLOp52MI6gDn9mGymJy4VTPpnmbuvEcOxmNDZ7dhShZfHLU3D9x_pd-RS6beHxto_-oL6aAq/sa2kL4VKrIrcGiy3sxM-KJOScktcn9S83x2y7ZGOzrs),http://www.forbion.com/,Forbion Capital Partners ,"""Naarden, The Netherlands""",
Forerunner Ventures,cc7c7aa5154176e50b3fafc400e2323b.jpg (https://v5.airtableusercontent.com/v3/u/36/36/1734811200000/_mD-NfvFBR3i1JBEPAjjiA/Pxcz-EDOlRLc6-SByttevc8vdis7dQydG_rozmOxilFIqvEPaU4AFltbnBwDejX7Gghq8V4tW4I2b11C8t18id7F4IDOM_-HgAB8dFw5ZFdIGT5WTdDdHHOAC_m5sDyq/cTYarR3CU9cneNrvKHbjj1P6SlLZKJCNrHSl1kZHXU8),http://forerunnerventures.com/,"Forerunner Ventures III,Forerunner Ventures II,Forerunner Ventures I",SF Bay Area/Silicon Valley,
Formation 8 hardware fund,ocbzej8xmbplps2qq3kh.png (https://v5.airtableusercontent.com/v3/u/36/36/1734811200000/AvvfiZhzZRzJrwzM6AQRJA/8lb0Og3D4aZAVCIOElpWxHUvRLoUmg-lTHnS3dcb2idlKqXpCtmOZmflktCqzxF0Fkp5q1iz04Wvy4eRr4U_5PYyILi8lJwNaDAtU_oK7y4RuNIuFa-lI997s8lVk6s8/Vs7CBrIprvMTSXw3egqxEBMA31LTJgb1kLSQ-gSsieQ),http://formation8.com/,Formation 8 hardware fund I,SF Bay Area/Silicon Valley,
Founders Circle,squarespace (https://v5.airtableusercontent.com/v3/u/36/36/1734811200000/7XItj4J_ppFhZ9EttIm59w/4pZA1ewjd8OrKqkgckmlsHa-aMq_H3TsTrLZR8jOrW_UXdyJpBi5BgshkWy69drtVSCbfpfM-2tz_inZwUgZ_JT_AHGlC1h8dXpG1qUFlnU/fE3eo_CInyYTeSKnU5GXmMJG7G9eteia7pw-TifSZqg),http://www.founderscircle.com/,Founders Circle I,SF Bay Area/Silicon Valley,
Founder Collective,a44614ef903df9d1c336bdc0438fac78.gif (https://v5.airtableusercontent.com/v3/u/36/36/1734811200000/9lCWI5zKBQqcM2X2pOsYvw/jnBYMKyEjLEVzgCWmvItNCYO9PTzeTNgKtemGEvQuB1pcKAiGUxjJHaVB-zxjQKF_p_NWOYGxQccASNGoJuJfuIPRtz8_PVul8_e3Tu76KorjPdpL6T9goEifJU6Dmh1/SyWXZq_Z8URwJbBQNhoIxenhQR7fL6T_uR4csKUU8gE),http://foundercollective.com/,Founder Collective II,"""New York, NY"",Boston/Cambridge",
Founders' Co-Op,ccc50d7eee6ec77ec8162ddb01771f59.jpg (https://v5.airtableusercontent.com/v3/u/36/36/1734811200000/UBfJzEq81Ot_U_oQUrHR-Q/aTp4OSLI1IyTqOTWBV2mpAbiT9nlP7SMbIJ4s7u0ymEAJ4X6D38-l16N26lM2pWqHbEZZb94mJrzRJYheH_S26rQg_0ROR1ZvMiNpvGZEh6CescracKE3_U_6E6dHgJk/ZztA5ysvc79PUhu1xA5G-gJ-y44trNtLFgqV6QQAwck),http://www.founderscoop.com/,Founders' Co-Op II,Seattle,
Freestyle,8335ae4d68906f4fd11012d3ce701f4d.jpg (https://v5.airtableusercontent.com/v3/u/36/36/1734811200000/jOjv2oBImz84-ezxwOQUDg/cO9d-NSHlFN9Y0hfKZXJe0Yb-MFs-YKomrIRX3z2yoL3tOrnmVNfFaV5AZ4HpHrcGg5LqrGRxdSznrcHCxif8It0x1q4knHwjVS9uOFtAk3eYOVPagFHXBTt_wBC4HEZ/e6DNg8m91D1wFcwTKRGL7TLeNOP7hpg1vS9Oh0KZfaI),http://freestyle.vc/,"Freestyle III,Freestyle II,Freestyle I",SF Bay Area/Silicon Valley,
Frontline Ventures,863daa91a3ecb96fed179502587ff7a3.png (https://v5.airtableusercontent.com/v3/u/36/36/1734811200000/jyTS2HFQENgTrlwP11o9QQ/qw2kSpS34RBd7YPklv7wGLmxuOcb52iMv8uvVcpPZ_23bLJsLtPS6BSjHeZAkvRjsJ3zghe6bP7A8dk8C58EPjqu-8NKWNBEtdWSrUP9w968r89ibpkRMwn2w0wNv_Pc/NKuwaTEwsR0foD4wrxU2O1kaDvman1Tx4O5oz-J-dqs),http://www.frontline.vc/,Frontline Ventures I,"Dublin,London",
Fuel Capital,ea14b9ed38535f48cf1ce0a63d97c9b5.png (https://v5.airtableusercontent.com/v3/u/36/36/1734811200000/8oEkvcN00-KFsIqbbzD1uA/01b1Q6ROZEXfNw41KqB7-SoVLlASiizdiEsN17ic5zk355KovNTi15qN-T24h71DTD6C4HUwozofsI1_8vAOtHGfjEBEZc08-S4-8ipQ8LnyMjWc0th9H8_YPgE8yV2W/bTZTUSZtnmjYf3RqgW4crskwdeQJbUhEmPRzXy6g1i4),http://fuelcapital.com/,Fuel Capital I,SF Bay Area/Silicon Valley,
Golden Venture Partners,37932c068e6b1cfae6922ef0a12b9e3d.jpg (https://v5.airtableusercontent.com/v3/u/36/36/1734811200000/3M-PKIc1gJK-1ySNPSdsqw/1YZlnnGyZF8a9uWwRtI_nwbwFLsmTpuQo9tJcfQD4Hyfx4TdyGHkcJRJGB3P9OtbfTHYD5fYoUfvPk2XLTYZX8eJJHiv24hplINyfA-btQ40MrfWohFqULaAJ_YA9XQn/vO5unyBHP7GHetywZctjMx0IZD1H6bQe0LR2pLI5sD4),http://goldenvp.com/,"Golden Venture Partners II,Golden Venture Partners I",Toronto,
Greenspring Associates,f9efebcb5299d317c2e91cc0601132dc.jpg (https://v5.airtableusercontent.com/v3/u/36/36/1734811200000/f455ase9YOAEjTx53NOz4w/ZGM9wXEa_dIUIoMMHkfPXDBJPrJf8QmnydoknIP-4mdTc8jbE9xfiFCYIX7JifbSOTdpCVCqw40khUiqr5jkT-sUyYdbYX31rI494-sP4ABlVLakX_VuW2hxxPNmtUCr/I_pq5oadrG7y1EESwh3h_h8e4EK102HR7JLcOs7Fo5k),http://greenspringassociates.com/,Greenspring Associates II,Baltimore,
Greycroft Partners,qosgi9hdybyph3ulalyr.jpg (https://v5.airtableusercontent.com/v3/u/36/36/1734811200000/rJlKHzI_6x-1-dUtQe8pzw/DQ7iJjMcqQYMe2iFlqY-k-D2UPta0jEagQRh-Ie8YPmNz0KsSSbLcniYACnC8fgKgGRIAXMomJ0W6uad9mt_TUDU1lD12vuNhfqyxWzEcGh0SV68YjYElhxxqVf6jB02/raA6_jgN2TxVagOWFCwjq0p0nUh_Fjb851BQx6ZkQQ8),http://greycroft.com/,"Greycroft Partners IV,Greycroft Partners I,Greycroft Partners III","""New York, NY"",Los Angeles",
Grove Ventures,vzdbvwxboafxmnlixtza.png (https://v5.airtableusercontent.com/v3/u/36/36/1734811200000/-XajNTmXDWeUvNaxTI35Uw/4F3r3KRwTT6upHU0Ae14rmFjlUTua-bSgDP9PdXW0Phb0DuJqf16Ejkb-FsF0ObJDEF0y-E245CWzKrFGB9P8kZS-clTlKYVohIun87voq2joJbyvHRtMseNK7BYpS4F/PdcM04mTjZ5dvKK8R2lexCPOrNOFAK4FyxqyynI8YTc),https://www.grovevc.com/,Grove Ventures I,Tel Aviv Metro Area,
Haystack,jq2bb8trcj82b2qqetzk.png (https://v5.airtableusercontent.com/v3/u/36/36/1734811200000/yHDKqHRHRWu6fnrEORZhWg/eAT1ZwVn-gy_JSkA5HLb_o23C5w9EtC5njtvMk-Cfe2RbFgeiHP3nShGm6An0Ewp2xe_m-8rIFa-JtyLoTTvOoEVNbf9GhfnLhJwFvSu12134RAXiDeMSPP7pZDMTN_N/Tl1RA7S7GbIl5zlOEK1yt9iiwgquHYsyEvWz2XFDXR4),http://blog.semilshah.com/haystack/,Haystack I,SF Bay Area/Silicon Valley,
Homebrew Ventures,011a4fd00c81d5d3b558cbcd54ea9175.png (https://v5.airtableusercontent.com/v3/u/36/36/1734811200000/6kltu2VY16gVAYJ0ctQcUg/lNSfvYlatl4cj78yMyPSUKAM-kPBCzTQfWiNys827AKaekHTApDXDWCureRGHYu51_KnOz5kP3k7ar1mW7Vv5-c9b5lFEN_jkIA01hW3aoASc2Le1_cXASM0SzlXqitT/-Ljp8DsZikIg3yCPhTRbJ-0BmVO40pviJyNHD_VMOI8),http://homebrew.co/,"Homebrew Ventures II,Homebrew Ventures Opp Fund,Homebrew Ventures I",SF Bay Area/Silicon Valley,
Hoxton Ventures,9f082498f7363983d2a06fc02019edf5.png (https://v5.airtableusercontent.com/v3/u/36/36/1734811200000/2Squn67OCRgJ-MZR07hOgg/C8E_D06yjKSv8X8Ep-TUvkHf5AKxCGPaaTIof8rvANsi_-AVYTiNXF6trKxYu36OnoSOxW5GSzAEU7mtsu7-RjNWscvI6vvdkE38xBu1SVdZc8c5_IEUxfjItUPeekIh/teKTFM8Y1BBN5X0082WaQBfrguM-xjPAq03SikWNm9A),http://www.hoxtonventures.com/,Hoxton Ventures I,London,
HWVP,kivsl3itsep8hkdj1ova.jpg (https://v5.airtableusercontent.com/v3/u/36/36/1734811200000/4sjOG24iK-yJ5JUrqA_zyw/CqpubTsMU7DVs0IMZOKvlmbu6iJ3qsY5EvTxUN_vK7j7Vqd8T1mlDRFO1COkqGMQjK7EAk9C7-4KzW_qVdh9ngb6iR5K7W2Wvnv5i-ZN58ob05E1S2ZgM9b8xf3iaViz/NKOhvc3iR5DsonN3Cg42qnDY0z47LYqT_jWtmTIVJbU),http://www.hwvp.com/,HWVP VII,SF Bay Area/Silicon Valley,
I2A,e8c8d7ba59d1c4120872540cd7e24578.png (https://v5.airtableusercontent.com/v3/u/36/36/1734811200000/Ak7c0voKmRx4ODvG0wK4OA/9Ym9ah9_BpONHAVMmWiS4qWwQnujCNYaIGA_x7wgg4XUxHpcaJQxS6gCtBHiHoBH6zpOCcVefJ7yXjmjDcxBveiQnvw5O_G7a6qvLkGdpEFEfLj8UA8J555ixCZ4MOVr/RDXtBY2skRAMCUELdHuyqm_W1GX-VNTSaZTTQycVgcc),http://www.i2afund.com/,I2A I,Chicago,
IA Ventures,64e77b7718260da88a1d266ac489c067.png (https://v5.airtableusercontent.com/v3/u/36/36/1734811200000/b3aCbCDIqg05g0gnPus6-Q/tHtfjL0rKEKU8KduTR7NvM-WeKZxu4qT5_Zr2y0sX5RSCvRj5Gci4qh8U-rbEYPVbGT1lVPJJ5z2LEfq0fQdpSSp5tRwBMNEip4zwt2fag1DU1PNacCG_tWcfXO5ih02/gl8QIKI3gfDCy-Nn3-KZCFWMUpa67CWa-eyBikYbdUg),http://www.iaventures.com/,IA Ventures III,"""New York, NY""",
IDG Ventures,fjxamor6vmrxit3gamyf.png (https://v5.airtableusercontent.com/v3/u/36/36/1734811200000/pv2YL7r1ilkzG2xpdx8D2Q/9CrFJQpifn3qbtBOQ4zq8uJITTRZCEyY3dMB5F68jtoSoaXytfVy2jfGs2cBytiLdTzbXqraK8up-z_1Ol2Qi1DkY5BSW7AHD2RI9wrBN28H0FR4F8OqDDPDtRFWe6fq/HMaQODu033mOo9cSpmz_yJe_zoeoXTPXPyP7xGmo_PY),http://www.idgventures.com/,"IDG Ventures III,IDG Ventures III",SF Bay Area/Silicon Valley,
Ignition Partners,zhqom4fuyc0shgvotv1o.jpg (https://v5.airtableusercontent.com/v3/u/36/36/1734811200000/hxBhZeTZPzWcg8bOrknWhg/Oe-hgiJgqOOum4voIofywXl1YXtvIYJRK48ApU-iQ8QpQ_yOT0x5a8aoTx3ZQqnTdEQCaMomdmYWTrTRTcF-97990VYxW4jbeygpqn3A6Ev1KujqVC4Rc-IXcLgpuUm1/VByUfNbTFhrvRNSrmTHLLcnvB4Wlk1crJIQY06oeGFI),http://www.ignitionpartners.com/,Ignition Partners VII,Seattle,
Illuminate,ilap5hkainq4ifevd82r.jpg (https://v5.airtableusercontent.com/v3/u/36/36/1734811200000/3VC-B7CG_dINXNyoSlu0rw/Zrk3RxEs6ZiLavS7T4kJTiAISGg6NbVXPQnp_i1gkLM_y6R1E6O9TCLBBKRVaclkdQ87pEWh4QfdMidetATuLQskxUvnqvdo8AARCe8BN_2rGsQqpS1UUt-79RwRxMTG/-4rgt21kYjTKYVGMx-17ify8eflQdAVHr6Np3V9wPEk),http://www.illuminate.com/,"Illuminate II,Illuminate I",SF Bay Area/Silicon Valley,
Indie.vc,pniiawnbyqyqtfewhocf.jpg (https://v5.airtableusercontent.com/v3/u/36/36/1734811200000/qHsRNNRmyP7KMuX0OWOTiw/QudSV2mNr89-7LPrOgkTQBPwWfyKI499R-WDw3PizzfZC5RgYdILJdHz5_ppW4wwGCCJ3mq4Qw98jzEiNBtWeV1YIyh4AW9FafSYH6HL538MPrdLtbw9dCazIW6PEFuq/eHreK40Vj47Cg4971LH8B3b8hEKrHK6qj9liATgD8w8),http://www.indie.vc/,Indie.vc II,SF Bay Area/Silicon Valley,
Industry Ventures,74dca227c83f25b9ae7ad6b58a78128c.jpg (https://v5.airtableusercontent.com/v3/u/36/36/1734811200000/dbXM3SlMkeLn02Ze24CC8Q/NoQJBsf4BD22LhljDm0Df6XzX1OXaFfOl-PtSb1-_huJt1-32s77LVD8vS4D5F502g61xgqSplj_M1xtFTmfsQTD7jB4ZwxXOubtDjSLx3uGKUX11qk_SgLgSjMdcLKy/9aW5vjNniQxICAQ4vuSozhJS-nklZllchiXY4COSudY),http://www.industryventures.com/,Industry Ventures ,SF Bay Area/Silicon Valley,
Initialized Capital,8c03960061a68afb531387af0412ae5d.gif (https://v5.airtableusercontent.com/v3/u/36/36/1734811200000/973GUz6SGycUNI29h-5hkw/wHd-hiOWCZ5403KGNLli3Gm0lyxMq1T6So4SbdFxdw5HLP6vK6i11jEAj9OxVSi5O77Z3pJ9yHKDpOL7LWQySFwuSIqUZIvmZsgbCGgqOwi-gBshmWmGHegEO7olaNzX/tzJWZ2MJPUyLdRsDNaAORZwfOzCnlivn7p0mEOAqokI),http://www.initialized.co/,"Initialized Capital II,Initialized Capital I",SF Bay Area/Silicon Valley,
iNovia Capital,jbb4c3opd11a6kjjnnap.png (https://v5.airtableusercontent.com/v3/u/36/36/1734811200000/pk2XKMO7ySYXjsVFkJgqsg/YftfdHCxse2SIxkAVEBgF_p30x_REqM_2JSRCIF4Oslq3o5JUA6BxgBGEC-KK1m8gRrUqejY2IMIia68s_ztYoNn8j-YpkyZm6zSdepRfi4NCB6kez_glpOM5JxU4jsZ/FpGVxSjFflY5rGGXOCfWNRzoW5c8GlBnirCoJHDChzM),http://www.inovia.vc/,"iNovia Capital III,iNovia Capital IV",Montréal,
Intel Capital Diversity Fund,1adc4cc32d1e1ba5ca2905312a2a80cd.png (https://v5.airtableusercontent.com/v3/u/36/36/1734811200000/uDXrxjUuvtEhxDsuJR19OA/2o_-NXlCmeRniW8Yj-E11e_vBeeB6C15R2zBMNDF4IqCGnxTRmXxsbKkn2xa71unpMwgnLJORmMCKaE7PxLsKyg2Ey1spxMhINFxDA60g-Kx9q3B1aOma0HzYS6QpAkz/shTKYCCOGNmipc2oLNr9ed4U435AoYwHQJ10zLTguR0),http://www.intelcapital.com/,Intel Capital Diversity Fund I,SF Bay Area/Silicon Valley,
Inventus Capital Partners,bmpybupg2qdq0cwsrx9b.jpg (https://v5.airtableusercontent.com/v3/u/36/36/1734811200000/Jq6kn78DJ7W96EBYOcTvJg/s8586DDln1WSmfpC3dWbpOzYJ-78-Cq2viA_pW9G2AEpqtxqTBKLfps98LUqZTKe2p6hy3jbeLve4WeI3HwcNWBQ0MDvGlTUK9xFoSGWVO6fNxZrdWdosRWr8i7swPOp/qR7wBOBjcyJ6x1woiJWt_cU3vI4nNl18_7A1xG43LYQ),http://inventuscap.com/,Inventus Capital Partners II,"Bangalore,SF Bay Area/Silicon Valley",
InverSur Capital,256137f4888107fdd19c22902f602264.png (https://v5.airtableusercontent.com/v3/u/36/36/1734811200000/REWaaAjnoHFkYKd8buhd1A/ZqwLFqdn3nqu5Mq9Xv7BamKYrd1CgfiiEejpKVZKSnyvWUDJIbPmBYtGp-slsVqOGh8pOwwwY_n2hGB9fjuIXD9PRefjwE_TMRjCWZFXGmUp2hzYFNu68CpbN2aaww7E/D7yy1pC7rxv1nNDT-aDJiUYv4MFFoCgnnq_1CJ3qJkI),http://www.inversurcapital.com/,InverSur Capital I,"""Santiago, Chile""",
Javelin Venture Partners,48d13ad55435fb3a8d64cff0c6560046.jpg (https://v5.airtableusercontent.com/v3/u/36/36/1734811200000/KXuBms6qVsnOrra7VAvpHQ/ZI7Yr1WoUXyDMP8GqTW4wgEmZZ14JsTqN0iP8SprM3xzmDgVreC-fnrI2CzuYWmsturaavIELrIee0KEUXAN3vEcYHVsstSlOpvgBmkBXBzN5ElQeSfygK833e9WQnnr/gK4bnt39ue9vu7NJga31NQQ0t_pZmRgAqh3BeeArSRA),http://javelinvp.com/,Javelin Venture Partners III,SF Bay Area/Silicon Valley,
K9 Ventures,646950dfbc82b048075fa623a57def19.png (https://v5.airtableusercontent.com/v3/u/36/36/1734811200000/zOI4zjL8Gun7sDk1SKHkQA/NrAJNHU8XV4_RHzx0nGx01JfKP-niUI7VM8ne2R9OrUqUyK9D-RLzfZwR6slZ66pMr8wo4R9Ev1rJ5tf5H55qb1LUb4cqLen5S3PN4Qe9J0Wx9fjZKtcFbfk6JC8EYfj/INCWy1bPpw5O1t_YVF8Q9E2WLWOUcs5uDVWIA7YmVpo),http://www.k9ventures.com/,K9 Ventures II,SF Bay Area/Silicon Valley,
Karlani Capital,k2chv58vavf8bi2sei92.png (https://v5.airtableusercontent.com/v3/u/36/36/1734811200000/_Pwn25moerugAUnqHRHz3g/dCxDiomQoWJlpGNACocSLNJG6mPdNnsC4Z_rDbrN0-EJ33Wm0XWK0qS7DZYOI8zc5_68M676s-IqSrcoNqAOBMufEnJ7ayOGvkWU4mVkCfzhWcVFwmpvlvM5_bUHW7R5/7xbRmSUAblv8J57VaSvSv9Zk_jB_-QgftumiE9MuPv0),http://karlani.com/,Karlani Capital I,"""New York, NY""",
KaszeK Ventures,bd617fcb83e213820398cc481c83ad72.gif (https://v5.airtableusercontent.com/v3/u/36/36/1734811200000/XOdL_AP6uFqVdHm1pQ3M3g/iGYe8LRFcmI3q9LTp6lDDlLcYS7hx83dpz9Zh2i5I4BJ655a4_CccnVZO3E37vBjkCDR0viZnNFCJEIUMdsChRXwVDA3zv5zFwj2a6Ujq7ho2r_G-7sTUi_Qblq7bBvT/ryvtYzgSjAgtRxWl8vR-Arzs1bQBSKRPPfdHgvINJuE),http://www.kaszek.com/,KaszeK Ventures II,"Buenos Aires,São Paulo",
KEC Ventures,4abb0ca24b9df94b9d1ac87e63cfba8a.png (https://v5.airtableusercontent.com/v3/u/36/36/1734811200000/9K_8K-0lUmFIzwDwsktu-g/mB3FrAwV02a86BPwrdwuUEIPDXmiclkQXJ64XFawJitkLeJuPOgVPeQBgjj9F3y_5kGEOJjGZVr4aDSIOoJ-8L5wF16zj8m_1IxXW9wEjl2Cffh9ZW_E2D9FuDS3A-Q_/q34QO6cnfnmaJdbH-6PjG2GlpHdqMVZmuXSxDoiCfbQ),http://kecventures.com/,KEC Ventures II,"""New York, NY""",
Kibo Ventures,da645016a54b70ce7f8c0b79fa414e78.jpg (https://v5.airtableusercontent.com/v3/u/36/36/1734811200000/AsudO6KW9rBPQXJTZRa8cQ/8Gg7xx0oPxM6Eu4MAZLN6Fyqvu4vTMiSKfIp8xtMlblSAu8x0XejYiyam9QnVMHUVNdyHnpY6zgGzn30UfEWPczGcim6Fit94NuTVHgjKMpMileor0nLST_OxH6IvjBs/fLWHXA0HI50Ecx4vU2Zjp3-DeNmPQg_BBYM3iKq1PD8),http://www.kiboventures.com/,Kibo Ventures I,Madrid,
Kickstart Seed Fund,e97126e4838bd992062880649eb235df.png (https://v5.airtableusercontent.com/v3/u/36/36/1734811200000/sF1Z8eFsSOiNP8FrBN3Brw/q9asVhv5SixuxuGhLL43h_pjaahbz_ekQQSFtZ04Wpamy1NSdsZVM1C75M1Uoaf_lDM1jUfXcDJqXtB2jgbZ4auIX0a7xNjS3hzHUxutloYUd90M2bRwYmViN_hUqTZO/lDOPCyN2kU5FbnI9aHHi28DQOmDuzCLLciiyS_1UcAI),http://kickstartfund.com/,"Kickstart Seed Fund II,Kickstart Seed Fund III","""Salt Lake City, UT""",
Learn Capital,49d31b1b0d417012426260773e44c5e5.jpg (https://v5.airtableusercontent.com/v3/u/36/36/1734811200000/X4peN7O0hyYV_dB-wrWnvQ/07m5k8gh6mp0FNDbHftlIL0eR3cEEzzAeJ2BRA9mq2HD-3TmUQJ70FBhjc7e2JeA0XjvgDH2vEOAJQORYSMzD-ROESep1pAlduckPm-zSY797rw1_9joD0YY_XPof-e-/MvmtUhyFAGLrWVJfMXw3AZvOKBsW_of3OCWLikhDp14),http://www.learncapital.com/,Learn Capital I,SF Bay Area/Silicon Valley,
Lemnos Labs,60cac8a2ff6e6abfbd94a6aa68ae7e5b.png (https://v5.airtableusercontent.com/v3/u/36/36/1734811200000/jiClKbhIqeDOhgTxSrGr5w/ETSWOpKsF4VLI7ZIrrShVrk02v3oFuT0NAAmJxtcG3R-QKYfA1D-zuq_7dtt3SK5KDqu8lwPFqZpoKfhIYgaJ-BYlkGuUaM09_coIAYVoCVh_GdTbTjUv0MoWN6WJFsv/TZ8XFQ5pYbvoJ5p29-4d53D7glgvgRNjBDiDc3hi_1Q),http://lemnoslabs.com/,Lemnos Labs I,SF Bay Area/Silicon Valley,
Lerer Hippeau Ventures,yrkkz00ld3njtvocf6fq.png (https://v5.airtableusercontent.com/v3/u/36/36/1734811200000/ZdNZupi-z4IsUl_wimKfxA/9TMxWPbQc6eqx7tP4hQC2pabpmJuknAEj4sLIlgnxpXC1btbuIrIGcasevrDa_FLE3PDT4HfM-DLmamGCR3d6lkPTU-fwI6dzRZ4SvJUWdKyTLqUV16ZYlTlrrcMRT_g/DIvFWC8zOdGNM3cvCcESoNid_HDlgzm4km_baltoY58),http://www.lererhippeau.com/,"Lerer Hippeau Ventures V,Lerer Hippeau Ventures IV,Lerer Hippeau Ventures III","""New York, NY""",
Lightstone Ventures,30c24637505b9b68ae412cbd66c1afe1.jpg (https://v5.airtableusercontent.com/v3/u/36/36/1734811200000/cXufJYqv-TcICE_ey54J7w/X1EBy4ByXFYWd7dyJqUmhyEZ_Dp1jtCU3H-XQ3hHdH_HrWTYTeOYLxYk4fGIhqmBme0OVKQmieYt-eaVN_n7Kb39zbiNrahEasV3TJOZOtuyLJtTPa_Bj2bPmkjZB59L/W7P3Ck2gIB9381S-45UfC97y9Tj0RY7H6lUNsntewKw),http://lightstonevc.com/,Lightstone Ventures I,SF Bay Area/Silicon Valley,
Line (JV with Collaborative Fund),93db4f1192e705e85828dfb305ab1b8d.jpg (https://v5.airtableusercontent.com/v3/u/36/36/1734811200000/DYKMTDYb2EMgEsyO8OpwVw/2ofpSlWYh6VF7O_YjIgAZz8F39q7v-xjuF1jJbFTFrEyF-xgfNdHPOyCNVUVYiMIL1J-97FwjDL_bfNrnBQTq8_-CVTiREsfWvTwCe7DjXzJNVKHKidaqVGBMSygi_KW/ChDqZBvxBL4xnwpOgThmZW_kPi2sgP_nHtfmXe8hfMU),http://www.collaborativefund.com/,Line (JV with Collaborative Fund) I,"""New York, NY""",
LionBird,v82flvkeusvudsa2ajzx.png (https://v5.airtableusercontent.com/v3/u/36/36/1734811200000/mknlSmLLH8ZklxRTAupqdA/blW5cvl4XBXPgj7rnyTo12tdQGsGpW-fNP3H18pEKiwQ8xpulJeIZdE_SsPkQFPDSJ12M11TuSF50FECPe6TloSRm6djvnUfbc2xQqGe874bOKVYUDDJ8Hy3WtGfiYOu/6IC9tWqoW4FOY3jFWWRn8yNk3VDpmA0ooF5UVM5YEu0),http://lionbird.com/,LionBird I,Tel Aviv Metro Area,
Liquid 2 Ventures,707711-0d251ac9ac046fcaf6e12419d851c6e0-thumb_jpg.jpg (https://v5.airtableusercontent.com/v3/u/36/36/1734811200000/ZhKHy1A1DX59ZuC_HrjQWw/nGKeSvze6xxgn_7qteCOoadVCVz-oMWqDzMvT2Zl7mCozQLlCUSadR7dqSUosPmUTX__QhOP6vrBNNA4y9m7tWDe4kC-xBnEleDl6eqfYJVQi-b31OWeUIVuyTuMWATHuCQkEeFiLwntPastP-zhIw/wdZhMnEgPn_zbZ6hPjUg9RSuemBGoGeShH6421h1a5k),http://liquid2.vc/,Liquid 2 Ventures II,SF Bay Area/Silicon Valley,
LiveOak Ventures Partners,9d301242916cd33be3e4e0b74d4c4efe.jpg (https://v5.airtableusercontent.com/v3/u/36/36/1734811200000/KnhCyNJLDVI84ymNl4v9gw/vom_JILClO1TLq9_21kp713YkFKaltg_p7mvEqWspCA-aTKdWU_EcCjXfXTO5vGY3hDVM4laZBSluMYsaxVVQLTzPVCaaCl8W8a2h25Mq8dMcdALuYr_agaJC88TPifM/ox4wXlS7pYM3V7AOmQObhBXeVY9UkMBr1gY68XSeG1c),http://liveoakvp.com/,LiveOak Ventures Partners I,Austin,
Long Ventures Partners,,,Long Ventures Partners I,SF Bay Area/Silicon Valley,
Lowercase,o5sp9vj2ftnyj55m2ofx.png (https://v5.airtableusercontent.com/v3/u/36/36/1734811200000/cl0LQ-Vx78esNA-QgY_99w/YRGH-vTpSyYZXdmTqUxKJnFA4KuT4EZmS_d1DDphDqmR51pTXQxl8N4rOxi2um8zpYJnrkG_j8FHEfNhHQqyoSlPpLobRu-2R1DXiLfRReTnLTELWVPPlLDhhRY5Dtn7/WaLgqxWb3Lodmd5lE_Kg2XnhqwwNCsf6dOq8xPaNrZA),http://lowercasecapital.com/,Lowercase III,Los Angeles,
Ludlow Ventures,htxfx3gafwntsn6mbsqb.jpg (https://v5.airtableusercontent.com/v3/u/36/36/1734811200000/bIcQrTb02fTpLob9dCh7ow/J98NJSoI2Drz43RKGvQq-WcGCDGWBuQSX7gG65erqf7ozys69oxuctwWvToO7rDDD-0BCsIFyypBBcyPzfYqce4F2rS-Ar1Dm83yU2MH0F-8Ei7YgZbZCw1Vh9mYerwV/8J2v4lR0hNWP1YEDoZsQXXNus-AGdrpLxeMAN4pN7Wc),http://www.ludlowventures.com/,"Ludlow Ventures I,Ludlow Ventures I",Detroit,
Magma Venture Partners,2bf3f9b3b1091f6797b69533d0cac108.jpg (https://v5.airtableusercontent.com/v3/u/36/36/1734811200000/DyxDp0HxOgb3SgtWAmQ5GQ/5H6OEt_HvKfLseSVKtgW0OFSeS9PSXvRULdAatA-CERWBeVTXZP06aUu1wYO8TLd6KiRqOR_H7RyCw-5ETn5b-xm5xo-aexG9FAsyqJaO0WpIAkBxHdEld5YgrablKuW/zDClXD4Q4cuSY9C2NGygZAPUSLChM2BCmodTIVaWZRQ),http://www.magmavc.com/,Magma Venture Partners IV,Tel Aviv Metro Area,
Maiden Lane,qekbnor9skdxb6hamta4.png (https://v5.airtableusercontent.com/v3/u/36/36/1734811200000/L7nYCTbfKbCeVudy1hDSWw/cnpuv9sENIo9jz7rJu1DApU0huSJm9ILv-MNIPQCILyztwu9TP_hvwcjO3tMYSE8T8TSwWW07baem46FeMFw0GK1m0qd04rjGmoSSp9dURh1UDqz749-hE0Dsk42OxLk/RDQgb-mCB11TzPP0dBkWPMxeY9sFOSjGFRBuWgHHqok),http://maidenlane.com/,Maiden Lane I,SF Bay Area/Silicon Valley,
MentorTech Ventures,d7bncikxsufassvulqnc.jpg (https://v5.airtableusercontent.com/v3/u/36/36/1734811200000/I4O-wh4JtZuQqq6bfde2MQ/c1VKr5-2triFlflsFRTd5mbtvwW60ily78whEDdxKaZyNAdpOP2TbQ48IvxrGoA7NFIwJTneFyWXVYpHQ51B1QuqvgfoXpaIuQPt9Nwf81SMmpaFVc3WuPNFMXuuo5lY/2kCCKFLlWqFDMVrTdueFQKX2QT7MJDgpDhzQK_Hls5I),http://www.mentortechventures.com/,MentorTech Ventures III,Philadelphia,
Mercato Partners,14c45fa7e7042d73669feb6cb6a34c78.png (https://v5.airtableusercontent.com/v3/u/36/36/1734811200000/pUAaCryngQpxJySgvZnBFA/3DPhogDIa7k1H8pgLJ8FjuKphY0O7_aE-_qOXm2z6e6XGndhEkqDpmKnJp8TkEiWYn_QCO_IAQ6dSNcXhBlzyLTYQeXOByyjQUUVduiAThKHvusqWyBmd3IPgPta1vqD/1BgkMYwiz_pg7xQfWHkoZnkCrtG7cqNtOT6Wep6bBjI),http://www.mercatopartners.com/,Mercato Partners II,"""Salt Lake City, UT""",
Merus Capital,k1vkvayhrvyb9sj4g67m.png (https://v5.airtableusercontent.com/v3/u/36/36/1734811200000/JWR_pkXe2bkXwi04_DtwmQ/kwf-guISfVxTBdPgIc-cAdXP-ogdkwGwdJ3FErXGsyJhTOJDUopRQLIyEThNtr_UJlRlVoIXHxYjx6Su-E9pHu508oKWbKSwM3PGIE1YVMCuDWC3rAbbe-fGfoxqCFUq/H7fw5wKmCSCoubOj2b8CsuA5Daqquo0uL_S_yvngmyM),http://www.meruscap.com/,"Merus Capital II,Merus Capital II",SF Bay Area/Silicon Valley,
MESA+,ko8froscpgzwrhcycumr.png (https://v5.airtableusercontent.com/v3/u/36/36/1734811200000/jykEXx6eaD5ZsPSzTiB0qA/Y5OupGjzQ9ji1PNK9XJRbuG9GWtptKJwqgHiSD9oCWkJ5jDbUwSE-QhS9swjWQQswueMMYN4uZKFcFhgndNFvY51Hq8t0JJ02hAJMWLWRkkbmgH1qgXRKl-fCGZopLNx/NaYNsg6DeAFfZYc4SXzvoutiATxr6iw5xYr0csC5Y94),http://www.mesa.vc/,MESA+ I,"""New York, NY""",
Metamorphic Ventures,,,Metamorphic Ventures II,SF Bay Area/Silicon Valley,See: Compound
MHS Capital,73921d89300aa788bdd79b1348fed802.png (https://v5.airtableusercontent.com/v3/u/36/36/1734811200000/cMOd5wxn5Pe8hobNbhUupQ/3VZZCzkGQzFRTeXec6iKaJqUwtM1OwtYD3yI4BQ3OAOKb4V1Q5KE-FGty-hZzh-KrgcoOhS61LyTbUHTzd5iiG-C3-r-uas-j7y4p31TnECn0acUc554pgRfUI0r0-LH/B5J1tC-XD95M1JlhQop46RIV60cwPZgA7Gwgj25gcAU),http://www.mhscapital.com/,MHS Capital II,SF Bay Area/Silicon Valley,
MissionOG,vdrgjcsoziwnrjdl9nyy.png (https://v5.airtableusercontent.com/v3/u/36/36/1734811200000/CTQr25coUMNxx4Ix9L14dw/2n7YPaEx9dYxxy5V6qZ8yE8bYwO8-nEWWQVvATS6chWWKY6u7ztQUvybghglXeYahILbN91HAbReAZFlQpbJb5HxDqReOIpVLyHpAI_RMclAgNHO3rtToBVjDZeOOBmU/S_OsnofkH-qa5H7W1RCkt20XsLOVLwnvktdftIYQ8Vg),http://www.missionog.com/,MissionOG I,Philadelphia,
Moneta Ventures,wonohuupyif1jsyjkowr.png (https://v5.airtableusercontent.com/v3/u/36/36/1734811200000/0IiQMP0fApvG1VrWV8WzDw/LfKH8x5aYlwLoYvtYIiQEw-uMsbvMu2Q_qZ5NuYZ8QqYWwP9icqaZm_ciIvtltBa9erVwSXbhPbzRe3ZkFGog4n4FqEuORcZHPAowmGqHcXvugzSFdEBjN2Cnu7sY7Lr/IpHpfgNrON17fT39ulN5WX95nAGQEqNphv958gz90Hw),http://www.monetaventures.com/,"Moneta Ventures II,Moneta Ventures I","""Sacramento, CA""",
Mosaic Ventures,ghwfuxu8zrotqrlkuk3f.png (https://v5.airtableusercontent.com/v3/u/36/36/1734811200000/nxkeKHUg-xdwnrgDqEV11Q/bLwWxAKwoAh3idjOWnQ3Zavc3EKRDVdZS1FMwLrdLsW2U2ch3IpVldKxR3Zk550X0S4WuRmTuGIwLUpDokjNi9K3vCVYAhiErfs8J75EX2cYA-lkiFKR5g7g5hJEOMm9/9s2JUjyBYKI2D7KZftJ2V_oLBA-d0zqAvivtjs2TQyY),http://www.mosaicventures.com/,Mosaic Ventures I,London,
Mucker Capital,pkfzm1c7kyfkrpi4xhuc.png (https://v5.airtableusercontent.com/v3/u/36/36/1734811200000/XMgspECGr8nkTHHMnTaxNQ/nmBhzWskgW9yPlifRlK8Rnw68iVw1FI1DkgNJzzcg6lA2OW7N26zf_nXc-dmNzphS0XQUPdLuewJuE-zM6iRUTtrkNx6sbvLdSHcHUzQFg_3775ZyY8Rrty9nSb44UHz/cJC9hblXPRdpVRsEhunnsNuGCWgvP6sX1WnYhb8dMtA),http://www.muckercapital.com/,Mucker Capital III,Los Angeles,
MuckerLab,qxvkrl6xsngj9amcvg5j.png (https://v5.airtableusercontent.com/v3/u/36/36/1734811200000/_BSThCHvpcFkOYB5Jz6n0Q/WskQIhxdJ_3ZO1IqtdphuWf725WcamI7AUALEfCUs9eUgAxXRRwkgmeE8p9-iuFpsLSeit3y5vu5_yyEJlH_NMzjGxWMWPv0XimRldyi4xGo9tPW0XxYZNVWuCv6ZZJk/xNxJnB6kDN0AxYmAVo4BE2JeAMWBTXi4Ne3LcSPrmDA),http://www.muckercapital.com/muckerlab/about/,MuckerLab I,Los Angeles,
NextView Ventures,hmwrhbyjp7gsxuwirwno.png (https://v5.airtableusercontent.com/v3/u/36/36/1734811200000/A2cvMxJPRPqRQ8D3ySSKzA/okry7ol8sGu82P5g5fioGesemZ-5OR_HK3xvd-hyf-YCor4PNpNwZCK49_JJv_M34gbeFbUx8bLwLn9dGZ3tUAWGMjY5nZkQGZR-VkjSei7z-4ycwZOWPFZC0_L5933d/yaYoomKvqhyeHT2kBbSPTW8oSObfi_e9p7nVhiut06Y),http://www.nextviewventures.com/,"NextView Ventures II,NextView Ventures I","Boston/Cambridge,""New York, NY""",
Noro-Moseley Partners,50cd8e98ace94d8815fc8f7094dd204d.gif (https://v5.airtableusercontent.com/v3/u/36/36/1734811200000/xU7_G-NhGxjuHt-clsCaGg/w-Q9odOcwZ95rXiPo7s6J8VtJHyTxFwbkM2_cUXxGdFWX-TBrtZBjHLps3CIAPQyifRqTWQdEtgTzYfQur_MA0xQSEtF5ooDIpLOoeAYUl_PMluAmD55nDc4uFAoYU-y/Qiwv1RjStOv-J_ySPLIIR9dSsAzhNBAuFtvbVQ_f2JI),http://www.noromoseley.com/,Noro-Moseley Partners VII,Atlanta,
Notation Capital,cy68j5qcibhroqkobjdy.png (https://v5.airtableusercontent.com/v3/u/36/36/1734811200000/oIdCa5mue0p1j23-xpjKCg/bdF3bUl5nk7FRa_KDAR6nj7fSRatSRjj6_wfyVpl0fVQIXTjJCnovAPqA6rrRHoWk4Z_9GUZx_zbWTVkBPE2VAUjIYJq4juhmO8vuCtemonC5reeVL12172OZHYgNCdr/X2dEumDWMCka858JxeShBe3gY4aW6H9lBjfk687m-5s),http://notationcapital.com/,Notation Capital I,"""New York, NY""",
Nova Founders Capital,xyv2qhk47uu864d6gomz.bmp (https://v5.airtableusercontent.com/v3/u/36/36/1734811200000/INadC3HZ56RU-cI6CPL7RA/OLlG9UcTg4-E17swuGdM8z1lW2h8TndoNcM5BZt9jYuWZrAkhToEGUwrHUPEZqLGG8qzX_5K-TU8I-mpANcf4Uf4eIR9ebLJl_93SYQaFOXAfLS3arDALLKeyrffpp64/pXhcN4xNMvfrMGHbRmmcxJcb8HWN9duCEIMZyusZYC0),http://www.novafounders.com/,Nova Founders Capital I,Hong Kong,
Naya Ventures,9f96f49e35ac706871c1557a1d7d725b.jpg (https://v5.airtableusercontent.com/v3/u/36/36/1734811200000/OQ6m33MLXdfTF79TCpCFmw/Snc3QXlyyEhptmiGu3psPvTVgk_BhGz2FisDkeN-Bo1Rl1NCWkbEvtzhVit9qRct8RV7ts3Tyu-2QtP3ZmCC4NmUa8ej6mlrkGuCOuzRmmgVsUErsdwjYJQiUDBPzayx/bbZQ1U4mxqtxmpNaHwAep5uUcQrTDRVRF9X44ofiDFU),http://www.nayaventures.com/,Naya Ventures I,"Seattle,Dallas,Hyderabad",
O'Reilly AlphaTech Ventures (OATV),vjrribzwu9avhsv7w1xd.png (https://v5.airtableusercontent.com/v3/u/36/36/1734811200000/sC-J4qo1YXdzT8FNbvLRrg/MGBuNbtI5no1UkejW1Ck_7solzEAjE3zPBwsV1tPVapkYBUmN17jgKfxveZ3vaLQvdh3y1zv-I0EvEjogxuAGDhZTXO2IrAzreElfWXYvvo3s8EwwETyECkpHiO-RwmX/RC7blj1MwzHXg1tVOvBTipRVk4IJJdBWJhCTr6gYsQc),http://www.oatv.com/,O'Reilly AlphaTech Ventures (OATV) III,SF Bay Area/Silicon Valley,
Obvious Ventures,qpbhuntylidoa9lzmrd2.png (https://v5.airtableusercontent.com/v3/u/36/36/1734811200000/GZ9bIyK3KlVadmkaSJh3gQ/tqo-bOylxi73tQHEnXTlo_TIItRXMfkOMF35rgPJm5AEHXqbkx_aA1AmPwlvHtNjtbHbr2K-AAUNhGzSvrKdXooybCHHkGtdfAWJ-s6fPTwwE9kkfQa4trxahiD7M-rE/ZoZLIZQBpDBE9Y_2N30I2BJoRc4VRiRAeCm-qPqiu5s),http://www.obvious.com/,Obvious Ventures I,SF Bay Area/Silicon Valley,
Okapi Ventures,e8877bd3ac8c99a0bbb6a684ee0175fe.jpg (https://v5.airtableusercontent.com/v3/u/36/36/1734811200000/uRH_a6fhcOjN0eaklajNvw/Xp3mSgRFeMzv7bJf22iF0UTE0L0AQaKJ3_10WUBfaowUyBWiqkl-vJBUfogcOL5My0ejtmsHd5TlKGl8QgKdvB8mA2psA3yw2NiU6kxugBTsI_afJePx9l6pYfLAoOAm/11SbUCTmKpElfiLw6WX9hsE0fahRW4ZsQdNNwtpGS50),http://www.okapivc.com/,Okapi Ventures II,Los Angeles,
OpenOcean,tdfqb45xc7fdgcvcloay.png (https://v5.airtableusercontent.com/v3/u/36/36/1734811200000/CuXMydPhgBwkCpG3IA54Mg/31-S52ZE94I2wyaEhP5w4RJ8gWXjybaFyCEiMHj_wIX8z1oksjOyK1a07faD2-ENjQKfLey2oc7JLsw1BR6pLanVXVU2J7FyImqkH1PUX8T4b2Z25S1j4M88iS3bwY0W/x-kQQ-vjyh5vrbIAy8fTcwEa7MmRqYhvRkw7Vk69yz8),http://www.openocean.vc/,OpenOcean I,Helsinki,
OpenView,lrlk66iawygb25bcybq2.png (https://v5.airtableusercontent.com/v3/u/36/36/1734811200000/uRDNEH7G5R8w4No71X6zgQ/wR5RtBl1IkQOes8E9qLfiNRdnMk7zRS2ZQ3pz0ls0MzBFfv6pEb1ztLx9SyUURFUQGlzxdl2S8v23dGfZavqdETVK7id735v4E8KT3W3BESxtg4eIDnkSlrdPpABICdq/exHelLqSzqjEwAm9kS-9L_CXMRoA8gP-0e_hBeH9W-4),http://www.openviewpartners.com/,OpenView III,Boston/Cambridge,
OS Fund,txz83w5qkkp08p6v4oeo.png (https://v5.airtableusercontent.com/v3/u/36/36/1734811200000/iy6pYhBl-Du3x1_E3VNLLQ/gCMzhYB_6FXv4tBy9Y4xriRLbHq9pXgBD35kTLWzjQE_xaPPMfnwjHNpUxBwsjD_k5enNt9PajLLi80bb4H6l9MB7v98JPlochHq8XkiMoM5zYSZ1a2rYeiAFTAZk_-t/cfJ1yTlmj3rti5hexmni43MlmCfhj5VSIkQFS2HiyxA),http://osfund.co/,OS Fund I,"""Washington, D.C.""",
Passion Capital,usoch7rjz7nxck5dsrbl.png (https://v5.airtableusercontent.com/v3/u/36/36/1734811200000/RNRtSNZpP5WyLvXdCc0oLA/--FfHL0b81VnqVA0fVcuGz0LJXC5-rWYbXInjd_t750QOI4eYBiwuj0MCmTiqcU8BjKzbViXxnFIKfKq1yUu1kvMGEYURxg4oeEsxkRT4LJ_Ypahl9AcD8rIEmAp2xjt/YSSrO_DSWZGdSECtPqWjrH3vbsvB6-Hn-z3p7JZVp00),http://passioncapital.com/,"Passion Capital II,Passion Capital I",London,
Peak Ventures,osz1kmshht7jjs01swbd.jpg (https://v5.airtableusercontent.com/v3/u/36/36/1734811200000/npRZhrC3YzSgg1Ix8uiHqQ/bqT9F1NNvvYEyD5KuI6zyP6ZODR66bnEE4timdxVjuB0dtFWn_Ng_v5qB5E7ALRCIzef3lqRExhKxjCRyYpiNf4hhabb2zJMeGHjefJ3rzrykJ3FtENfNaNzFnS9chL2/O1A-Jb0fRSC4DtPJg3xrsUccOpoMxx3b_yavYlCiCxU),http://peakventures.vc/,Peak Ventures I,"""Provo, UT""",
Pear,divo6dyu5rzscvyrbbdl.png (https://v5.airtableusercontent.com/v3/u/36/36/1734811200000/zOR5Q9Vt9xUzCbbSeA42qQ/mgY1nNppPfsKDVQTQ_NgSVAiQ5Ume6ZHHqtF1WEDhebaw83CVLWlE1awREfixD7uPANCxFTgSN83SV3UWdHCfe4mQKPwiJ2F7qR9vTr1Guxnk4hATAjMNHuuaKsupM9W/54dLs0ZUDqCIlg0DXTN8HeHqUh5oKSK7gStdFWluMS4),http://www.pear.vc/,Pear II,SF Bay Area/Silicon Valley,
Pejman Mar Ventures,,,Pejman Mar Ventures I,SF Bay Area/Silicon Valley,See: Pear
Pelion Venture Partners,c01cda23b1c8153e87bc37b324ec5fec.jpg (https://v5.airtableusercontent.com/v3/u/36/36/1734811200000/8FYB3JfkQOw2IyYjtLwUIQ/mm0otpN7uBM3sHPWDWyr5AGKZyQdXPMo7LKVxkFSnzGQemuyTkZ1wVRHyEvmYPuFbQ68GQPrnUs9l3KidplUB56EKMs6Sebp2Ow1ZocMTBJHFKieAiqo41vUog0yQEJ3/Hh7vOxM2iG4KPTGA0xixxZOGSkYEThV1XR9ATLwzisE),http://pelionvp.com/,Pelion Venture Partners V,"""Salt Lake City, UT""",
PivotNorth Capital,b2563a9094876f6fa66dd9e735880862.png (https://v5.airtableusercontent.com/v3/u/36/36/1734811200000/SYmBN-vPzzeJIm3_86m72w/1eotFt7woTmPKOSbMyXhdeYIVSTcECga4DIe2OrfeKNwb5DXkWUFOlO8YnGQPSFFDVL2wdl171JX_q93qdDj_RaXNzORW3dexsq0t0mfW6xBJ9DkOA1ry9xkZZHL6uMw/edb6GBYrB9WJQOSHoprR0WGSHWXEZbq0aJTE7ozClmg),http://www.pivotnorth.com/,"PivotNorth Capital II,PivotNorth Capital I",SF Bay Area/Silicon Valley,
Playground Global,ob3kf09bbiqjrxltswko.png (https://v5.airtableusercontent.com/v3/u/36/36/1734811200000/lKH-2BjqZJyasebEQIrgQw/-2kQ4wQGqGFgvrN58i-Aspe31OCkQKl8STLlmdge-m7Qh9PevSFVte3GLviffqDvu4DZxNe20l7nQa2jzqZpqUYKgAnBFi27NERY5LJgM6D743YQ7ttOkXNAmMmXubQ3/tT-YXeqNMtoDw0OVW0xR1oKADpzeBHunhE9orQsTezQ),http://playground.global/,Playground Global I,SF Bay Area/Silicon Valley,
Point Nine Capital,jtgnu1jvkrf8ydy4y5nt.png (https://v5.airtableusercontent.com/v3/u/36/36/1734811200000/AShwWyxN1ge4vcZx9KIVwg/Oz1crDjsSmosQ1AzkC7QUqD4hWofBu2V_jNlVHnRzsSMHOcBE6HdHEhTM5n0_CRrh5FSd5WHtMiwC4JPHHCpREpU8XFg4G6kZHnCf7TNi6cc360WfM3UH-LE5urZFmoe/0sm_cpyqMeKUJguYQFn4SRffJ_CuiUZXdve7vmasxOA),http://www.pointninecap.com/,Point Nine Capital II,Berlin,
PowerFund,,,PowerFund II,"""Boulder, CO""",
Precursor Ventures,nf3opil6xjv3nz5zlg78.png (https://v5.airtableusercontent.com/v3/u/36/36/1734811200000/hjFoC-pYYYSaY7k9luxw_A/Mb6AEyzv_mn06F2m-wCKfpDSdepk2Ikqp6V7Em-Sc-7ffyEoq3-1SYKn0303frt6EfRdHqyVa3t8uUMblqz4NEMt4Bp-7oDHqQ8W1nAFZN0ouQStylr24pRl_ieZ2KHp/JxgAr8mVMujSup09tWctY0uQy-QSvKg4mz2oHwwbhHE),https://angel.co/precursor-ventures,Precursor Ventures I,SF Bay Area/Silicon Valley,
Primary Venture Partners,ahekqihowyaphit87vnp.png (https://v5.airtableusercontent.com/v3/u/36/36/1734811200000/8azwR9ttZBnU39cwuHZZ9A/W7XnzlsaW4WVHPhs7daZd5d4bh4oQGG4uOu115yXolGofJDvXSTtwBai3nXncdchRBq6BcRzfzPcNP8QIMA1puRFczDAFSC1XJLjZVj5d1vD9Hp5UVnWS1rY-eR8n4Pm/1wRPV6l1vrG6KRh0deRe3SYShkR_Pvl5g9hC7rKeye0),http://www.primary.vc/,Primary Venture Partners III,"""New York, NY""",
Progress Ventures,aks303m7hhgmjbdpfsy7.png (https://v5.airtableusercontent.com/v3/u/36/36/1734811200000/x6IfGXzeC6UkcNf5c0hjmw/CsJR6xUGCh254EjnwuqPVDmGDjXyWijL993wptzT5Koyf3LDztklVixWo3FRwd8lnh_7JySOO0n1JKcNlO3m678vlqnGDhEbEHWdg-ewjjTooOQQ5eq0CBezO-w-Rj5X/iK-thvHP17MxvY2qf0tEH5ECBUdQ62qLEVd80t4hM3o),http://www.progressventures.com/,Progress Ventures III,Boston/Cambridge,
Raptor Ventures,3c0043241b9933e819d69ba5afa0317c.jpg (https://v5.airtableusercontent.com/v3/u/36/36/1734811200000/NZuBPmjCjEMYKcfJjFxkoQ/HVSEkPY3a-jlLGmSQKV-d4t-pM3UT_M3gB_dt8ceEO0HwIIR3oHnKE2rd4BQ4d9vRhAOprVQtEBnKc3heV6oh-ZQrhqKNwEVu5Uzz_zzDVz8syHARGiXuD-gSVR4glY9/wc4bAXnUgKEQTCcxLCB_YXRG-bzcplTwrJoxR2AUT_A),http://www.raptorventures.com/,Raptor Ventures I,"""New York, NY""",
Reach Capital,ej9h46eolyuczsiguqjm.jpg (https://v5.airtableusercontent.com/v3/u/36/36/1734811200000/IEXK5ZHK4YQZLY4RZrZ6Og/8SbxIajn90E7YKO1O1rx_WVTEjj0y4WC4JinMIeIffAmcEM_BAKXm6vIT6cbTZQ4-qoYhhhyMcjb8lri2PYMGWwKNWRqelf0C_6oxZvvcWJD50_monB_SIFb6Lmzi6C-/neX9dPLV9hBrkG7qaRGkmTrS3drSUe-WbSCqjd9NeDk),http://reachcap.com/,Reach Capital I,SF Bay Area/Silicon Valley,
Real Ventures,u09q6sus2p8wzhxjbppj.png (https://v5.airtableusercontent.com/v3/u/36/36/1734811200000/ksTxvpsxTVo6i3AgpktSCg/MAQ0uL9tg2ipDFfscVOtAjdC_7TP-vDYzSH1KQjpO0sNej-zPAMqthiuP2w_l5WU_7uKSb8xSq8I-SIMWfDOVImwGPO1dgnD8hxfWJ65AQ1qABNZjznlad0JNiActYfG/PzI4Nzv4NUCYkXILU3dPfECL41_HlLQI114tyMCmbIE),http://realventures.com/,Real Ventures III,Montréal,
Red Sea Ventures,y4qesjn9d2dvbwhvabz0.png (https://v5.airtableusercontent.com/v3/u/36/36/1734811200000/MGIHE49Y58gaXOntNkJKIQ/CcenY9er3YtYgyiSlx9qbJZbmhjFpYrXR-AN9Cd7wo7n1WRt3kq0DM7ydSmUVXGOiHEhWAiLwmduQX1ydCUzdSFniB2n2jaQRFyHSiwQGWr3z8BA_4PZJL1fJTm9g29Y/jvMkxHCFeN2DCP44I3l2DIX3AFcbSoQiFBmuo0PSEYM),http://www.redseaventures.com/,Red Sea Ventures I,"""New York, NY""",
Refactor Capital,cqi5uuyxlwlkc3dqj9zz.png (https://v5.airtableusercontent.com/v3/u/36/36/1734811200000/Way1q3r09aPPU_oSbf53AA/vbCCQI1pSy1ZlWCZrYGw8pJxKE6gVN4NuocdbiiuFhtlZOi7C_fx-XDkINdabLDSwxCLRcPg50m4jyP-RgwIIePahRw0Q5XXMYjF0D9ntFFIX8g4asyViGDyB2X3p0nJ/ARgStbAtDa3nilVIC2Z7h2W1uFD-aEuECw83YRZCCgE),http://www.refactor.com/,Refactor Capital I,SF Bay Area/Silicon Valley,
Relay Ventures,oz86kpvqcw3tlgpwjryk.png (https://v5.airtableusercontent.com/v3/u/36/36/1734811200000/r1MO2Hd3TzaDrh1Y-bOXRw/10njnFjn361QIzQDMGfRPBHzIeuf4ydj_p5VOmZnnJC9Waq-hV_0ODWAPK-65i_jdg9qohnnZSA8Cp6dVgY7YzemJPjV9h53HWS1KROmFMaY0dObEQAUnTPjSPazoq_b/1RYZRpF1kfDXqPOYQn5AAPH_zo20Ul7By9DfbGhq2AM),http://relayventures.com/,Relay Ventures VIII,"SF Bay Area/Silicon Valley,Toronto",
Resolute Ventures,ut0ib5cup0seeuihlesi.png (https://v5.airtableusercontent.com/v3/u/36/36/1734811200000/VFpU58kT3_-o15JEiEBHyQ/lnv2yOcyvkNarG4zXF-EOS4a-xQrIv6Mq2p3gGATV5d0n6uNUREGkb9yI-SP2-C9lx44r1rIaWZdApqcXNtyZ2Bs2OdQAnODCbyY_3UpBybH0aQYUV0-r2o35XpFT8vS/RGX3PB04nRQcdDcR8lRaydJMQ2gkLp0stM-08meu3YY),http://www.resolute.vc/,"Resolute Ventures II,Resolute Ventures I","Boston/Cambridge,SF Bay Area/Silicon Valley",
Revolution Ventures,0840a1776e056fe59860ed2935cf3bb5.jpg (https://v5.airtableusercontent.com/v3/u/36/36/1734811200000/CpemoMHqiGlVwxzDSp3EJg/GNhFx5D0dWoNEOEOdOqVwO62cwNCUs_iBjgnzJ5xznnSeJehySHdaFfSZv1euSHCuGZAGNHItFl2TLvurH_cg1AvasthhTSbj7ypoI_XMRHM2hC6WC9LOTJP_M1ME27j/C6IwiCsbpoTxrBK8QOvu_BbU2SwQ-Y5XZ8eUw0rKBqM),http://www.revolution.com/entity/ventures/,Revolution Ventures I,"""Washington, D.C.""",
Ribbit Capital,19b49e1d50774c3aaa67084cca77cfd5.png (https://v5.airtableusercontent.com/v3/u/36/36/1734811200000/euidgw7Gb475fYg-k-LFDA/C86ShqsP3EjIudESv2BZim6zm2NndsvTg2cuHe6Gsa-xpM3i7sZUxPbOUqwOZwXqOBdjsitYA03IWcURIPSvIwZ7aLBwZ2P0dgAFT_w6XpQ5hz__gA40H0kvDHouo5sz/FyaYIZVCO3z9RZr9bFjTTXu-BhcQPDet7yMUrSNMS2M),http://ribbitcap.com/,"Ribbit Capital II,Ribbit Capital I",SF Bay Area/Silicon Valley,
Rise Capital,7faf8e87f06b1e7545c158c19fbf5b1e.jpg (https://v5.airtableusercontent.com/v3/u/36/36/1734811200000/dQEhhUwz7L8E9ZkYV0XeBA/CO5hhY-wOCbRcESgxwjRvL3dGp1xeEayMl5iyeAiu9GMC__65eQK4n5ixbgqAgLzTJhLozRpCfLKIqIJVX-boqInwBXo52_4FDKzXlUYR041idL4kfTqx0MjLg-mJts6/VgyY4bWUOn26wJeQ0-V0m3ncgRMw3K3VWdngoDkh0qc),http://risecapital.com/,Rise Capital I,SF Bay Area/Silicon Valley,
Rittenhouse Ventures,ly3t8sdhesk7yr2w3ti4.png (https://v5.airtableusercontent.com/v3/u/36/36/1734811200000/vb9-tg4SZR0clRuOoUU-6A/tzn9211tSYATX8irBCeCAsCNvnPcf5bHty4x5BFbZ5cKpWsOIaBBVSAJu1wu8QFePFd1zx35UiZqoHvneQ9CedNE75uAYCKQkxrQLrY8qmfhm03flWT2TQTTmIUY3-8I/sHQ7DxFgt_7fioDkCpkiIhB5ojl0rNYL2UmxoxawoBM),http://www.rittenhouseventures.com/,Rittenhouse Ventures II,Philadelphia,
Romulus Capital,cybthc9t9zt5k1cz9iyo.jpg (https://v5.airtableusercontent.com/v3/u/36/36/1734811200000/V3fGHbrTx99JhYOLiUOaPg/gyXDrLUNGbgq5box3Xq2eATTUIl-TwWly0XF7DoIhCVS6Ip8dKXX_ER-UXO8f3DEMhdxSFl97Pcue4TyWhUm8gMXrx3B3CJeMTYoGCEXLK2NB6zDGskBncMOlpPyrOKt/Beh40-6i8qUWlH5dnD6oodcIxZvnGMQkgfW5fDTWGmI),http://romuluscap.com/,"Romulus Capital III,Romulus Capital I",Boston/Cambridge,
Router Ventures,i8bfntgqslztc8lvpxkz.png (https://v5.airtableusercontent.com/v3/u/36/36/1734811200000/6PhT12hGROfEAN2KFelQCw/YII3gsmBf4Scan6X1qPAYn4GBxyP9a_9jb0PK9hLubjUeCuFdFoJHQ3jfCvr2cGpJUApf8yq4xTfxOoU1rVv3AWiKwuj9O-EfzSJ3ffPvpi9kvEExH1Fz46I7stMWULp/Wa6_P7hE1au4K9-5SAAPzt6TMF9oEVmLMOZ_L1RQMUw),http://www.routerventures.com/,Router Ventures I,"""Omaha, NE""",
S2G Ventures,sybajficeqz0aqcuxwxy.png (https://v5.airtableusercontent.com/v3/u/36/36/1734811200000/i2OQSd8oiBhR89tMiIvqMQ/dtkLgxVDkUHE9yeBBYmwRSJcMYr9kRPkQcW5QWrtHWAmCRPfI2Ch_ChhIfEv4eqtJDcG5jRmVD4DlmVnDF6vkXiifrZY4OahCKEaH1HOcCPx_KGIakAmhpGbZA8FOZXz/8EswoYwi7IwjJ8IWG-DAWHz1JtlNWe1xt8mLd7-EF5Q),http://www.s2gventures.com/,S2G Ventures I,Chicago,
SaaStr Fund,eo5i5y5ns4idgakcxo0y.png (https://v5.airtableusercontent.com/v3/u/36/36/1734811200000/btYSeG8nTcxke1TdDJ_a4Q/FCPBLx6r9LB_OQD7ANM2No9rPHRtTKiLKQgmQCJsAyeVpNPH56jpTFhaya9oGCNJSusRqrtw5IZXDx4zveorq4wfgO1jPn198D_p0auO7N8GE6GnBS_GbXudsWvsPotU/fJ0Z5EXHlHtOVXsrhMhDaUfwY-tLvZgXTbmTX39BRzs),http://www.saastrfund.com/,SaaStr Fund I,SF Bay Area/Silicon Valley,
Santander InnoVentures,rwfabxmqigcdfiqfqblr.jpg (https://v5.airtableusercontent.com/v3/u/36/36/1734811200000/OqHnkr6cjYnOB9XZC9h4sw/5THK-gLKx57p2AbSep30kZFOUC1r6rg7iH3MZwU09v6EgnKHngcdfizDms9XzYFTtVdtlUWm-bJgbt2NIRBYLDV2Fvn2Djb7gWw_wiFYjq2F7gvRApCIJPLi63vmQgSC/CeBBHbGLflecs0pSW3z2H9-qnp61v5o6R0eUgAYOiZQ),http://www.siv.vc/,Santander InnoVentures I,London,
Scout Ventures,4c0a0ae4bd97027a11651cd78bfda30d.png (https://v5.airtableusercontent.com/v3/u/36/36/1734811200000/oIfyPcARGdOGVZhGDFYjQg/uSWoVKC_4uNcIFTMicrMp1DvVB0ZqQmcL06FQOUGIQ4GZjkcFoRKj9Jao3EAfsN9wOTJck3wB_kQa3O3SP8RMyrKfUf7shKfdPWQawc8CWag2nxsv-T2BHlSl5SU5tNI/e2ICXn7N8v8C_Noa4SNDk-Azh5TxT73J2gym7CX_pC8),http://scoutventures.com/,Scout Ventures I,"""New York, NY""",
Seedcamp,celknanwdnrargksenhz.png (https://v5.airtableusercontent.com/v3/u/36/36/1734811200000/fkPCsXxFdZNBPsJDjOdB5g/SfHGdKjplKHuG6OcLFsuJzavKir_5pkb49ndqjuCfCI6u-o-fxkV_raQvv8pZQtv5X-xXxn80L4S9Uu7mFNJ_1rLYvkvR53z1ZSQVTXhlrrheKSiI1JFYNXl9gJtBPdr/iPyC21anib_WlycQpKliFEqLbR0NSoxzF-mK7eLmAfY),http://www.seedcamp.com/,Seedcamp III,London,
Shenzhen Co-Win Venture Capital Investments Limited,80a97fcc86eae56c043f57343172ae74.png (https://v5.airtableusercontent.com/v3/u/36/36/1734811200000/qCWBRRPCFAxM-gvcCTUf2w/--NaZsujPf17SZSaLr5D6jW7a-wYl__g44FMT7mVbeo8Yf_9APgAYRe_n-f9woQ97ZRd8yxw9vwGqrcQ-R__M52DKdkuP9O1mwK1twa5tf_DUAoi9-gKayCLvfaNlMGh/5ElcTbrBks7R9JuWCh4jhMTGhdePUjO_iETRB9G-5Mg),http://www.cowincapital.com/english,Shenzhen Co-Win Venture Capital Investments Limited I,Shenzhen,
Sherpa Ventures,gdrp9mwgcy5hiolewcvy.png (https://v5.airtableusercontent.com/v3/u/36/36/1734811200000/nqib_FoUmCWflV2FJYRuow/SE2kijSBYJJ0-SUEQRkxCvmFAllSgt9R0Js4wVFaODsPzYgRPEVASx6rS13_DT2qgN_30GyBxFn8lFz8RvVVY3ezLK0IKePiPhl1TRZoqvqTV8mxxP-cIRx64Tf5W8v6/udVqNnPqvBvIZQA2SepED6oP3N1QnAj0dNhw7ndkTyE),http://sherpa.com/,"Sherpa Ventures II,Sherpa Ventures I",SF Bay Area/Silicon Valley,
Sierra Ventures,37565e478f19fda82f55b004062468d5.png (https://v5.airtableusercontent.com/v3/u/36/36/1734811200000/usFoMfUl3fD9ovPCGNjCIQ/cB3oCXpdvfDc4vaVyQtdEpU1ZPoustks-8BmW86biSkDO-ln0M2I5fNPbjv_UNlmdxm9-1GrvI7jImzH2GC1uhGt3GgFg6lCg3euP3NFFibJDJGIyscsmOibKeKRGRj-/A8txIdORqSxQIUc3z2oEPx3S1ITf75oLh5bxfGNXEh8),http://www.sierraventures.com/,"Sierra Ventures XI,Sierra Ventures X",SF Bay Area/Silicon Valley,
Slow,db46baba5d2d43a43740be898e14485b.png (https://v5.airtableusercontent.com/v3/u/36/36/1734811200000/beH_8mbA0ir-gfgJxiOv2w/C9tnjmNRUP-gIjXZMl75c6SF5MgOp3UrqtxD1DDa91X5cAmSAybbBxZiY3-H7DF16Ml8RwPQohWJgMrtpIc12l0brNdpzzPNdyTLbl-QwEbmf4RtdGt7oVREBJrRMKYU/-_bDNN71Uy2qXtV3pz3Pz-4Se44TSldZ1ch_kXo7mI8),http://www.slow.co/,Slow IV,SF Bay Area/Silicon Valley,
Sofia Fund,,http://sofiafund.com/,Sofia Fund II,"""Minneapolis, MN""",Specifically for women-managed companies
Softtech VC,88d27d0de246751dbbad7b080654af22.png (https://v5.airtableusercontent.com/v3/u/36/36/1734811200000/nB8sB6YrwG03jnCqEUaiYw/eZBUe9-qLfLwyE1sZzlTCYxQgp4oxazv5nAtT68Od9D8tvcasIYPLZ6CvJmIpD6tC_-p0PW0FMT1VNAuYYRJ4OOaYc6hrhOBFZ7ubikX7U5dCO92D9XmEkCgECKvZhaJ/RdNsBsVC7pTC1-_446fN76G1r0DczwHDzOUxdNokjiY),http://www.softtechvc.com/,"Softtech VC V,Softtech VC I,Softtech VC III,Softtech VC IV",SF Bay Area/Silicon Valley,
StageOne Ventures,72de6eeaa1657f0c5c6413a1385ce042.jpg (https://v5.airtableusercontent.com/v3/u/36/36/1734811200000/ZWgbveJQczB2zbfKzV0qWA/brxBmI5m6UGRnKGX_EuQD2RDicxWsz0PS85K0aF1vtEqOPYBf_ufNoc6nNOIh9TqVgVy3ypN1-PRn_OGUg70YBkIl0EUN6izuvWtNNqQdduMUdaxzrk9Uon1TWIuRK9P/D8acNhTj8CZtX4iZOpU_ZbpU108HAX6okZJc4Bzbk6c),http://www.stageonevc.com/,StageOne Ventures II,Tel Aviv Metro Area,
State of Mind Ventures,re9wovmumd6iwousyn6u.png (https://v5.airtableusercontent.com/v3/u/36/36/1734811200000/bNvPYsDWZZo0I3NPGw25RQ/hgjRreaJm2AqvWsji2fLoM3VZEHvuntJHZK8whxLh195MDQauQDq38jGff6WqzSOggdq44pQFuuA307bdXfysn208MPP9LUbIX3I7J8miGpg5_q8lJyB5sXjGXX6e2JI/4_yYJvQc-BJPex2CevBh28AFU0ENi-BECnIVq0Qb0Ug),http://www.somv.com/,State of Mind Ventures I,Tel Aviv Metro Area,
Storm Ventures,3bcfc50684d16deb9650136dafc1fda4.png (https://v5.airtableusercontent.com/v3/u/36/36/1734811200000/eCOdTEzL0GLxQbVPw7NXzg/NMtoviBu3HIkkpUhUJx0gp8IcN7M7GQkz_ev2w72ZSnQRTgUy-Z85Gw4-VQ4Pf1OkXeVjGjRky-QazhXBIE3WxNIH7w1I7MQ04YcklzMMRysaTolcxhoIQEJxdrd_3D5/gDkO2TMzcWeZ-8ylBOe8SGh99h9F6_fzFCNxFQ_tH2A),http://stormventures.com/,Storm Ventures V,SF Bay Area/Silicon Valley,
Structure Capital,aquvjrtfml5bmiuzw7dn.jpg (https://v5.airtableusercontent.com/v3/u/36/36/1734811200000/mE9T3D24ksgO6mC2U5rUuQ/S0auFfLYVfkShEb9QI3j3zAnuGWj89optqm1hSX08pAu8nmN3NUbt9XX-UQ_FsRQiXtqBlzbkhhfO2vQvgAPQuFXEsiPp-p_6sP_jhIVofTVpygrCMEcEGDrnVG91Ur8/8d9OOnRs3TGwfzcbX9PLvwSdB6sjub5wt8i9XIwVXZc),http://www.structure.vc/,Structure Capital II,SF Bay Area/Silicon Valley,
Super Ventures,zaqmbbiuawzd2zxogv8c.png (https://v5.airtableusercontent.com/v3/u/36/36/1734811200000/Da5321avo1yT_zQwrNsT_w/nZgXszQZQg6pTCQrnVDurr7pJn53uuRfYvm5e5lVOewcVJSGwvTX8bisKxFdo6x3KG7CIJq3WlkK4u5OI4PbFsTKVCec8vJWqCxn8geUWkLNYxNl5Hdb05kf6Ff7n-Ki/jsbTjX5UH1h9oG1Kfh8voLQpaq4zWTMX1en8G5nZwJE),http://www.superventures.com/,Super Ventures I,SF Bay Area/Silicon Valley,
Susa Ventures,337c863d13cb777d5f4ac64aa679b7c2.png (https://v5.airtableusercontent.com/v3/u/36/36/1734811200000/r3WvlwHP7zLId9qutSL8Jw/KXRtDK3PvU-ANKWTgZ3rKE7s5hXN7SwjZmTZM6GSsF04XbBFRJjVBqsU6MhrPIC-F45Z4k3sYkZmfOaxXzLgFMQKuArk8XnPPwCYY93kAJy-SUgYom1KGU7Qcy5ooMOa/yQKfUU27Qq66rcHKkMuY_4wBAKb5STWnzVfS8UPQGRI),http://www.susaventures.com/,"Susa Ventures II,Susa Ventures I","SF Bay Area/Silicon Valley,Los Angeles,""New York, NY""",
SV Angel,20e0740010dd063a306ed323780065b0.png (https://v5.airtableusercontent.com/v3/u/36/36/1734811200000/nwZf1Emto-oThHLhJ4v1nQ/VHmv0RXHZhbOmt92KjZ6CGczjVP1gOUJmZO0pNMvHDOHyIl3ittBqwPbdiA5EUXDsq-XncVkbUMRA6g3iYumtNxA8I23tuWe6EOvODwdW1sMGeWpduox3d80UwF6Uy_f/qYgHlCxAkXWpvnqGKvyKd7PdryjcuiPeTyL3JC-0-FE),http://svangel.com/,SV Angel IV,SF Bay Area/Silicon Valley,
Tandem Capital,p1yaroeydrsq1jn65rnn.jpg (https://v5.airtableusercontent.com/v3/u/36/36/1734811200000/xrf77oYzo0D7sjqIseFObQ/AsAQxW3PGB2wjc8v8gn5fz8eAEc4edfmKk2atzTFe99BoU9kYqRHwtSfzmK4MN0UF715yUwOc-zvhbxls9xIRI4tPJubhBReKfmVH9yEYkSE9U6_miZ6kXUvtG_ftdBA/7z4uZna2bag0PaZ04jTYb9WY0LtKYjY6jq0qeWts8pE),http://tandemcap.com/,Tandem Capital III,SF Bay Area/Silicon Valley,
Techstars Ventures,dsrppikuuefczpjclubm.png (https://v5.airtableusercontent.com/v3/u/36/36/1734811200000/DehNf5zELLly1KVR4FYEGA/aTDyPBjvfxlP3DNErO5KscUmmkw_G0V1eZOOI9hCgdTv_juGSyeG-4Dpoy4v0mlzkRzLDhb1esAbgESN5i829mp313siadY0aTobexhYKd96DYDS3hNARoMMXNtXpBMy/XwPbepz2w-Zy52fENoA-RX2cKqcgakvomffQpCbKEFI),http://techstars.com/ventures,Techstars Ventures III,"""Boulder, CO""",
TenOneTen,d205e6c3d322c1544c0fa3109e9b1ea7.png (https://v5.airtableusercontent.com/v3/u/36/36/1734811200000/5TcU52qSMQcxbh42lRJlOg/G2Vrh0JWzHEDfe__EZ8rT8antzNj1gdT2RdJBsdynUhE1LwAH3RnI4MY2mnbtSJYfStCoAaMr8LHXPDfMRr6DtONgxHkrIVXj35Neevmc0H65-hKFnB2oBXS8EQV8wTf/HBfzwlIpg8s4JpsxX1XfbgRNHyjGXkAN2tbdre31jrM),http://tenoneten.net/,TenOneTen I,Los Angeles,
Thrive,vxbny8b3elsusdxbiap3.jpg (https://v5.airtableusercontent.com/v3/u/36/36/1734811200000/Ylzs1yVaW0YON13ax_RZwA/Pw84yl5NgY2VFXowLu1dOro3-l0K5RBQMz3YZctJw4oAQWmUnqke81Mj9IAmu7cb8Pg_q0KS7qiG5nLD8MV-4I86eFZ06oA_wbMmU06kM_66sSFRQbqfaa1avlYyHcaR/e7n3AyaHaSbkj5MCaaBj-G8WOryEEqXBDudWFOU9bA8),http://thrivecap.com/,Thrive III,"""New York, NY""",
TLV Partners,fngwm7xndkqyeegesypu.png (https://v5.airtableusercontent.com/v3/u/36/36/1734811200000/gAVn_3blcJzHb93nTDY_tw/sSHHIXGcFZdsVbuoqpeo0iXe-6-ZZZ8zhlnKOkINd_zOpYy-RSKg5WMpWJUqjompTRD6FiH1g7TdMxwFbNXbXsb1Z12qHVLRglmlJDM9iME1iY989WTk6qkmX7rhsdcF/x2ZmiJPAynbBA--c_Rwc6B9lC7eShBxWT2to-MPkPY4),http://www.tlv.partners/,TLV Partners I,Tel Aviv Metro Area,
Tribeca Venture Partners,zzajkx36s50mz8vi0vkk.jpg (https://v5.airtableusercontent.com/v3/u/36/36/1734811200000/MGwnYkl_3YXRa13XiBal9g/9Jfik6obo6mpmieBi_Rp3L7XkvmAyDi2DZnvi-xNPfn0NL6-3Vj0Pbjqlw6b6NhFW_-MjeQXhjPExtjvNNnknmZ1TQxq4CLN-AuJm-FSB3DBON2MPRmGBW16lAlHE9O0/uvpKx4gpom1xNxMB-ndWENPIo0otWGUtRWRtmNt9vRA),http://www.tribecavp.com/,"Tribeca Venture Partners II,Tribeca Venture Partners I","""New York, NY""",
Tullis Growth Fund,ea137b479c53179ba2f9bcf9814dea3b.png (https://v5.airtableusercontent.com/v3/u/36/36/1734811200000/hFj7gm5hy9d_0KvWdsitBQ/I5iQ2Afieo58R5jmtqx0bAFWz70rf7GQEf7_-mZ77Uc8tuLFYpQ6HL8p3jbqLrZffX527iT_iaVt8y29PsxfYhsDMySXtEd3c2lzLabFSGKPfv0wkkuol2c6ukE7Bctl/PSDLD5kiKNbt8V8GDoTF3DhB7p9bu8q0VJS_VBz6JfE),http://www.tullisfunds.com/funds/tg-tullis-growth,Tullis Growth Fund I,"Beijing,""Greenwich, CT"",""Palm Beach Gardens, FL""",
Twilio Fund,a11a490b6bd05d843b4371f580b93f11.jpg (https://v5.airtableusercontent.com/v3/u/36/36/1734811200000/6rvGQ5OHjlfC1kKhNEQmUg/aLn4cW56yXlQY4D_Bg4r1zmu6NKl-BAUP6jhZoIhdkRIup56_wfr3F0-qsGfXuhjfNyx8h3aBsDMZy0GLUW0ymXcNoiNrW71bR1Cv3svr32tmf2hl0Itt76OdYWul6Ng/hThY4sfXllpvgcZS2PFponOek6SsblW0n97YSgL7CaQ),https://www.twilio.com/fund,Twilio Fund I,SF Bay Area/Silicon Valley,
Underscore,rnhu3gcavgubznak04vk.png (https://v5.airtableusercontent.com/v3/u/36/36/1734811200000/qwCKHhS__KzdSezF58aVnA/YmIjUzrLiecc9qLYwOJczqMzciwz42rWWGrg-pjQxngYjwihjoRfzcRm8mKw9MTS6Jnu81uBWD5bJE5axdA4QGMi2g-hntrJI7QyavwJ5RBLDlNxvyOoNhxQWOfJYX-o/d144hXYFxo4favYc1mPbPLpz4K9fwCmhM21sjNt_iaw),http://www.underscore.vc/,Underscore I,Boston/Cambridge,
Union Square Ventures,vt0qjg347v6gall2hmeb.jpg (https://v5.airtableusercontent.com/v3/u/36/36/1734811200000/aO-Rl9oYQN825Zy6r5g5Tg/tj2cJ1ctpDaTj5BkwIIotBF3nId-W4a7Tr5U28HmTuNXDgVdZHjd0A5QB9pyIFqICYjexr36WdAZDHCviYeS4OodRjxU5FCJz_58Ys97ahUOvi712UsxFRQEHLpj7DDN/oA6M9a3snEDUpCcx5LWR2jf_p_NnBjVNKkaymld2dqM),http://www.usv.com/,"Union Square Ventures V,Union Square Ventures IV,Union Square Ventures IV,Union Square Ventures III,Union Square Ventures II","""New York, NY""",
Unshackled,kw3dsmzg8gql7vamx6ya.png (https://v5.airtableusercontent.com/v3/u/36/36/1734811200000/8ACdNcMgOcFaO2Pt7-mOug/uPNKqrFxLlhy8dUTfou1uMmwxqLuMb3EoIiUBcDXhZO6UueziA09Qwb9MnJAPC8bn_cUsb2fS2uUUQMa4kS7eD9YsJi4DLXh4rgUzB1cvKlxDABWj2GQYURsABG_tgLe/9b9hs5KnJQDkc7Hc7CL23IpwGWRaZS1DhFYIZ1BPOdI),http://unshackledvc.com/,Unshackled I,SF Bay Area/Silicon Valley,
Upfront,8647fd890a54e10bd320ada2651040c5.png (https://v5.airtableusercontent.com/v3/u/36/36/1734811200000/H9TPb9VWZJ5euEyGqZhMuQ/pY1RwC2TKDcMyxydWJjR0RhpGbOFKVKrKz_W2pTo8Qwb9o7LRmxWm2xVxrNLuvDbGAwXUXYRsl6Pe2Wmbz5w2s75ZTIWSAbHJDVhHttVm2W94d5BOST9DGgnidDI6e7h/ZI2mEhGtP86ZCclN9CYVUUMWPwh-anlO3b75En5o5fg),http://upfront.com/,Upfront IV,Los Angeles,
Upside Partnership,xxksxcjcwo8nqeaxmzx3.png (https://v5.airtableusercontent.com/v3/u/36/36/1734811200000/DK9-P3S0jQ_Q7MKlOrheaQ/aIvLLkpk234NealmX06CxDVe5M3qG-eFnJvyYeRPXAK2bZXS5HnvfEB4n2PbWZ4Pn2m0sGcb_AaMoClj4KYhoxYUWJhES24wOkKBbix6Rw5mi6JAHA61PHbUgQ8_wUVZ/mJ1fqSjnILEoIVkWqcggBko7M2DYY8en0oLVkcwyWSI),http://upsidevc.com/,"Upside Partnership II,Upside Partnership I",SF Bay Area/Silicon Valley,
Vayner/RSE,mojwshldpnj7zh3hcrau.png (https://v5.airtableusercontent.com/v3/u/36/36/1734811200000/zNUliFWbX97peLpls9ErgA/VLUD62aGFwGLaEfuiAw80BJXyPbgkSgo9EdgSk6V-7Roq3DZ4w3r-Ci6oWE1DPdwhKvGpCgqz3pEWY0rYR0y0oBxbzUCYMIf65117O4QoPCoOIQm02UHdiinU6k6TGTH/BORqr0plq070NWjeEsnH4HCXlzIUMa4BSBmWtd7s75A),http://vaynerrse.com/,Vayner/RSE I,"""New York, NY""",
VTF Capital,mxpa3opnnapqvvmcfhjr.jpg (https://v5.airtableusercontent.com/v3/u/36/36/1734811200000/EwysJJe6RUgST6Hb3phLcQ/oRnI5Ce4lZDt-MBacIGTt0YJc0A-c9JaPtwiPPnF-4ua2YSGDWGVGcSHtwsdnfmb7mXiZYfSwxFKit4DFQaIQjdMGM0TTS5Wr2LtqHSKfeW-JBCJKzXoatZEUVXwpH1R/SLWsktvezjvWLVPJ9aSOpuYvARGGzxct5fyYRx6t5co),http://vtfcapital.com/,VTF Capital I,Las Vegas,Formerly Vegas Tech Fund
Velos Partners,bbbd974579342a0699cf3159242a044b.png (https://v5.airtableusercontent.com/v3/u/36/36/1734811200000/I6E0oWQQ2VONht8NFnQWLQ/owqdpx0RUEsMMbVXyA6vGXi7kXGHsW_VvMraTmgHhhURpPEQMlPsxDV2I35O_CsuGula2zTyL8Q6USbfqYCzm7c5jalwixANZ61FrRp2ZSwSfDh2oJXluLqKTQJUaATB/J1bARSm9Dc6zVpjn0fw0-o4_IJBlZBjWx-4mnoiWTYU),http://www.velospartners.com/,Velos Partners I,Los Angeles,
Version One Ventures,f87799370e7476d4da670d7af135eebb.png (https://v5.airtableusercontent.com/v3/u/36/36/1734811200000/coijfjogi5_S37QIv8ZpvQ/tBZTs3cunFX9gZreBLQWcjVssZgDu-RzHr7TWjFoRmPdlwdwGVsyJI8lfvHTots5sLOXI_Crm6NO6CjVhp7b40b3ChZa_GcgYQ22qsBqPoMauO8UQmhmpFeuRymBhgKO/QiSUVXd9oScwRXeORjuHHx0NA0yRrLkHtzeMuDVPvq0),http://versionone.vc/,"Version One Ventures II,Version One Ventures I",Vancouver,
Westly Group,dc1ee6850578def24dbe5d3a4f1941e3.png (https://v5.airtableusercontent.com/v3/u/36/36/1734811200000/PwBG5uNf8JcPrgvqjs8zYA/xfVRFZcWRIScL0H5Vk2SL4_9R4-XkiN7_CTf9G7hDleO3eYUry2bAuxThOGU2mkPqJza_ov7NLUV_tHt34le8AOOQnNmqh4y7btYiiDWtMdGI0l2zSAHmfLkEsrQKdr-/_BYdEnR25LT94cHQNh89icPNjy_QFFtLVFvwV9Grb_c),http://www.westlygroup.com/,Westly Group II,SF Bay Area/Silicon Valley,
White Star Capital,hcw35ep4xvtw0inw6yse.jpg (https://v5.airtableusercontent.com/v3/u/36/36/1734811200000/UXoo5GfONI9t3xHDppb4WA/RJGCfiOQJfOtawPEynxfGMvW8A1lWpU4l1GbIT0HJxJmtEEXeWYgtn3yqQgy0NrGYju0HEIE47sOxp2sCQPmRTzMvtCtpyF8we7yMXr2MHNI7RAZkt9LKvyp6NyCEqLM/O_vhs3BFm6DRrHOEoHCxm3K8tInK26dtnU4zGt4KW8M),http://www.whitestarvc.com/,White Star Capital I,"""New York, NY"",London,Montréal",
WI Harper Group,logo.png (https://v5.airtableusercontent.com/v3/u/36/36/1734811200000/U-RaH1o9B0hCS5iaIiO3gg/e77tl78D0s8mNS-3ZVF-UdcWLqcDG7dGsvruW-IFf79mt9lFEPK2TRTYn4-qY4FmCCaq31U-TExcWUF0QwKowhtT0haz7KhNIA5umqUA0S0/H2AjN-b7-ddrKv4yKdy6fpXtuH3vpewT0754yAhybyw),http://www.wiharper.com/,WI Harper Group VIII,"SF Bay Area/Silicon Valley,Beijing,Taipei",
WindSail Capital,aacec93ebdb4feda2606eed89b87938b.png (https://v5.airtableusercontent.com/v3/u/36/36/1734811200000/rRJfjFabbvW3BbBkz03cqQ/CDfDIcfojOzE0cLFcb7N8FWpfQe25b62WmjPB2OwqlPFPOuvIs5B2TzL53y16BCGHjfaPAx93dEpTIFgPAsm1zuPwNQmZvyEIB9Sd7psi4r6vIWQLukfSnWCkN9hDMx7/_MTQEK9WRR7nMXtopvqOz9ltDPTV2QbHMZWD_QbTNuY),http://windsailcapital.com/,WindSail Capital I,Boston/Cambridge,
Wing Venture Capital,5ec4bd8b0bd1de122ce94b9993fbdf2e.png (https://v5.airtableusercontent.com/v3/u/36/36/1734811200000/ZMmCXBylFOs1EWudBn5ZMQ/2fINZvx3NLfoLfi_Sr-LJ6PltlKgyg8IvFA8HFmkKgBjPmPvPtro2kSA6OiJgcFtlR0k77vyzRFWy5LbDGS9QDIMsaE7crnHCqy73F56bhJ-WLOddQmlUrSWs6jeN__e/pDpvNcB2qvqPHMlb_9MNmvpUoViIHuEKzdQCmvkImB4),http://wing.vc/,Wing Venture Capital I,SF Bay Area/Silicon Valley,
Work-Bench Ventures,4317ffa86e35706a3436c5d7b2b4abd7.png (https://v5.airtableusercontent.com/v3/u/36/36/1734811200000/q6rnm2eEx1mp6mIEIU8FpA/m3db41AyhPHjdRbGS366b17NhpzGzENmMLe00Tkw8f0D0VMro2WnMdsFu5nFlACDA3OMG7O5fxuivvGbr5RFpGtgQR4cuF5DJeJ5LF7fw_0io6QN8-z-gJxq36lMJird/3LCon41RYO0lw7WfXfxmp8b_moPEJqCvNTKil42BfWs),http://work-bench.com/,Work-Bench Ventures I,"""New York, NY""",
xFund,cfo9fy3wpyedprzzv3kg.png (https://v5.airtableusercontent.com/v3/u/36/36/1734811200000/SpsY8iyr7_GUBbX61WZCOA/ONdM0OpbG4Q0Bw63fLiIfzR6Lsgh9Kg-mlZEGQPp6QKcu6SsdR-Y6jd8d5loyAovknEcopYw4LW-gF0iXoOYpe-PDWtiVJF7dJE5Sqcf7uHIhmB44eIbHTNDB5xXh7OF/PhO6QDEruOg1ZTelMnzZ6M11LAVv1FNP_DLSE-f8VYg),http://xfund.com/,xFund II,"Boston/Cambridge,SF Bay Area/Silicon Valley",
YL Ventures,55a03e66cf8212d65726740b416f14a2.jpg (https://v5.airtableusercontent.com/v3/u/36/36/1734811200000/Hsv7PVd1nwLx0-ZcoZBVrQ/QzxxlnPKN5xWJT-kLmR7sOpnOqZq_teMpJWxv62nabnNuo_LBxs5Qh-Obr-RA_PEbeAwKI5xF1B4R8Ly_i1SvzIs1xrZODW6PoaRbgEus4-o6aJzSLVVIqf8Ql-3le3Y/lPihNEtzi3drQyWztfEVoPcowgSYv2NWFDiMSTOgAMQ),http://www.ylventures.com/,YL Ventures II,"Tel Aviv Metro Area,SF Bay Area/Silicon Valley",
Zetta Venture Partners,r3skqe9nezeytlb2oigs.png (https://v5.airtableusercontent.com/v3/u/36/36/1734811200000/VVK6RBRPIAuGCN9dNM-EpA/aCFC7UEQQD9Op9MwDlAxBHDZNcgt3lIz6ElL48vDwMPc7bULSxk0YjqkL1o57tFQZvE3NsDRZPvJErj0ef_e0SKnL68_Bn_jPmMGB7zDtmCMeRDJlHr3zPxU6KSwYpXF/eb17TvBBtKHh168KuNdVALFRijsg286cxzOvlB6vi80),http://www.zettavp.com/,"Zetta Venture Partners II,Zetta Venture Partners I",SF Bay Area/Silicon Valley,